profile,p,seed,total_links,ids_usable,time_usable,union_usable,premise_links,only_union_loss,premise_rate,only_union_loss_rate,conditional_loss
sparse,0.0,0,2400,2400,2400,2400,2400,0,1.0,0.0,0.0
sparse,0.0,1,2400,2400,2400,2400,2400,0,1.0,0.0,0.0
sparse,0.0,2,2400,2400,2400,2400,2400,0,1.0,0.0,0.0
sparse,0.0,3,2400,2400,2400,2400,2400,0,1.0,0.0,0.0
sparse,0.0,4,2400,2400,2400,2400,2400,0,1.0,0.0,0.0
sparse,0.0,5,2400,2400,2400,2400,2400,0,1.0,0.0,0.0
sparse,0.0,6,2400,2400,2400,2400,2400,0,1.0,0.0,0.0
sparse,0.0,7,2400,2400,2400,2400,2400,0,1.0,0.0,0.0
sparse,0.0,8,2400,2400,2400,2400,2400,0,1.0,0.0,0.0
sparse,0.0,9,2400,2400,2400,2400,2400,0,1.0,0.0,0.0
sparse,0.0,10,2400,2400,2400,2400,2400,0,1.0,0.0,0.0
sparse,0.0,11,2400,2400,2400,2400,2400,0,1.0,0.0,0.0
sparse,0.0,12,2400,2400,2400,2400,2400,0,1.0,0.0,0.0
sparse,0.0,13,2400,2400,2400,2400,2400,0,1.0,0.0,0.0
sparse,0.0,14,2400,2400,2400,2400,2400,0,1.0,0.0,0.0
sparse,0.0,15,2400,2400,2400,2400,2400,0,1.0,0.0,0.0
sparse,0.0,16,2400,2400,2400,2400,2400,0,1.0,0.0,0.0
sparse,0.0,17,2400,2400,2400,2400,2400,0,1.0,0.0,0.0
sparse,0.0,18,2400,2400,2400,2400,2400,0,1.0,0.0,0.0
sparse,0.0,19,2400,2400,2400,2400,2400,0,1.0,0.0,0.0
sparse,0.01,0,2400,2398,2400,2398,2398,0,0.9991666666666666,0.0,0.0
sparse,0.01,1,2400,2400,2400,2400,2400,0,1.0,0.0,0.0
sparse,0.01,2,2400,2398,2400,2398,2398,0,0.9991666666666666,0.0,0.0
sparse,0.01,3,2400,2399,2400,2399,2399,0,0.9995833333333334,0.0,0.0
sparse,0.01,4,2400,2399,2400,2399,2399,0,0.9995833333333334,0.0,0.0
sparse,0.01,5,2400,2399,2400,2399,2399,0,0.9995833333333334,0.0,0.0
sparse,0.01,6,2400,2398,2400,2399,2398,0,0.9991666666666666,0.0,0.0
sparse,0.01,7,2400,2398,2400,2398,2398,0,0.9991666666666666,0.0,0.0
sparse,0.01,8,2400,2396,2400,2395,2396,1,0.9983333333333333,0.0004166666666666667,0.00041736227045075126
sparse,0.01,9,2400,2400,2400,2400,2400,0,1.0,0.0,0.0
sparse,0.01,10,2400,2396,2400,2396,2396,0,0.9983333333333333,0.0,0.0
sparse,0.01,11,2400,2399,2400,2399,2399,0,0.9995833333333334,0.0,0.0
sparse,0.01,12,2400,2399,2400,2399,2399,0,0.9995833333333334,0.0,0.0
sparse,0.01,13,2400,2400,2400,2400,2400,0,1.0,0.0,0.0
sparse,0.01,14,2400,2399,2400,2399,2399,0,0.9995833333333334,0.0,0.0
sparse,0.01,15,2400,2395,2400,2395,2395,0,0.9979166666666667,0.0,0.0
sparse,0.01,16,2400,2399,2400,2399,2399,0,0.9995833333333334,0.0,0.0
sparse,0.01,17,2400,2400,2400,2400,2400,0,1.0,0.0,0.0
sparse,0.01,18,2400,2398,2400,2398,2398,0,0.9991666666666666,0.0,0.0
sparse,0.01,19,2400,2400,2400,2400,2400,0,1.0,0.0,0.0
sparse,0.05,0,2400,2385,2400,2384,2385,1,0.99375,0.0004166666666666667,0.0004192872117400419
sparse,0.05,1,2400,2394,2400,2395,2394,0,0.9975,0.0,0.0
sparse,0.05,2,2400,2390,2400,2389,2390,2,0.9958333333333333,0.0008333333333333334,0.0008368200836820083
sparse,0.05,3,2400,2391,2400,2392,2391,0,0.99625,0.0,0.0
sparse,0.05,4,2400,2385,2400,2385,2385,1,0.99375,0.0004166666666666667,0.0004192872117400419
sparse,0.05,5,2400,2390,2400,2391,2390,0,0.9958333333333333,0.0,0.0
sparse,0.05,6,2400,2392,2400,2392,2392,0,0.9966666666666667,0.0,0.0
sparse,0.05,7,2400,2391,2400,2389,2391,2,0.99625,0.0008333333333333334,0.000836470096194061
sparse,0.05,8,2400,2386,2400,2387,2386,0,0.9941666666666666,0.0,0.0
sparse,0.05,9,2400,2396,2400,2395,2396,1,0.9983333333333333,0.0004166666666666667,0.00041736227045075126
sparse,0.05,10,2400,2392,2400,2392,2392,0,0.9966666666666667,0.0,0.0
sparse,0.05,11,2400,2387,2400,2387,2387,0,0.9945833333333334,0.0,0.0
sparse,0.05,12,2400,2389,2400,2389,2389,0,0.9954166666666666,0.0,0.0
sparse,0.05,13,2400,2392,2400,2391,2392,1,0.9966666666666667,0.0004166666666666667,0.0004180602006688963
sparse,0.05,14,2400,2387,2400,2386,2387,2,0.9945833333333334,0.0008333333333333334,0.0008378718056137411
sparse,0.05,15,2400,2388,2400,2387,2388,1,0.995,0.0004166666666666667,0.0004187604690117253
sparse,0.05,16,2400,2380,2400,2381,2380,1,0.9916666666666667,0.0004166666666666667,0.0004201680672268908
sparse,0.05,17,2400,2392,2400,2391,2392,1,0.9966666666666667,0.0004166666666666667,0.0004180602006688963
sparse,0.05,18,2400,2392,2400,2391,2392,1,0.9966666666666667,0.0004166666666666667,0.0004180602006688963
sparse,0.05,19,2400,2395,2400,2394,2395,1,0.9979166666666667,0.0004166666666666667,0.0004175365344467641
sparse,0.1,0,2400,2387,2400,2384,2387,5,0.9945833333333334,0.0020833333333333333,0.0020946795140343527
sparse,0.1,1,2400,2380,2400,2376,2380,5,0.9916666666666667,0.0020833333333333333,0.0021008403361344537
sparse,0.1,2,2400,2374,2400,2373,2374,4,0.9891666666666666,0.0016666666666666668,0.0016849199663016006
sparse,0.1,3,2400,2382,2400,2376,2382,6,0.9925,0.0025,0.0025188916876574307
sparse,0.1,4,2400,2374,2400,2368,2374,8,0.9891666666666666,0.0033333333333333335,0.003369839932603201
sparse,0.1,5,2400,2369,2400,2367,2369,3,0.9870833333333333,0.00125,0.001266357112705783
sparse,0.1,6,2400,2372,2400,2367,2372,7,0.9883333333333333,0.002916666666666667,0.002951096121416526
sparse,0.1,7,2400,2375,2400,2374,2375,2,0.9895833333333334,0.0008333333333333334,0.0008421052631578948
sparse,0.1,8,2400,2376,2400,2373,2376,4,0.99,0.0016666666666666668,0.0016835016835016834
sparse,0.1,9,2400,2370,2400,2359,2370,11,0.9875,0.004583333333333333,0.004641350210970464
sparse,0.1,10,2400,2369,2400,2367,2369,6,0.9870833333333333,0.0025,0.002532714225411566
sparse,0.1,11,2400,2379,2400,2379,2379,2,0.99125,0.0008333333333333334,0.0008406893652795292
sparse,0.1,12,2400,2387,2400,2385,2387,3,0.9945833333333334,0.00125,0.0012568077084206116
sparse,0.1,13,2400,2385,2400,2383,2385,3,0.99375,0.00125,0.0012578616352201257
sparse,0.1,14,2400,2374,2400,2366,2374,9,0.9891666666666666,0.00375,0.0037910699241786015
sparse,0.1,15,2400,2375,2400,2368,2375,7,0.9895833333333334,0.002916666666666667,0.0029473684210526317
sparse,0.1,16,2400,2375,2400,2370,2375,5,0.9895833333333334,0.0020833333333333333,0.002105263157894737
sparse,0.1,17,2400,2375,2400,2369,2375,7,0.9895833333333334,0.002916666666666667,0.0029473684210526317
sparse,0.1,18,2400,2364,2400,2359,2364,6,0.985,0.0025,0.0025380710659898475
sparse,0.1,19,2400,2385,2400,2375,2385,11,0.99375,0.004583333333333333,0.004612159329140462
sparse,0.2,0,2400,2346,2400,2314,2346,33,0.9775,0.01375,0.014066496163682864
sparse,0.2,1,2400,2336,2400,2314,2336,29,0.9733333333333334,0.012083333333333333,0.012414383561643835
sparse,0.2,2,2400,2336,2400,2311,2336,31,0.9733333333333334,0.012916666666666667,0.013270547945205479
sparse,0.2,3,2400,2335,2400,2298,2335,43,0.9729166666666667,0.017916666666666668,0.01841541755888651
sparse,0.2,4,2400,2340,2400,2322,2340,28,0.975,0.011666666666666667,0.011965811965811967
sparse,0.2,5,2400,2331,2400,2303,2331,32,0.97125,0.013333333333333334,0.013728013728013728
sparse,0.2,6,2400,2342,2400,2323,2342,26,0.9758333333333333,0.010833333333333334,0.011101622544833475
sparse,0.2,7,2400,2346,2400,2313,2346,37,0.9775,0.015416666666666667,0.01577152600170503
sparse,0.2,8,2400,2320,2400,2292,2320,34,0.9666666666666667,0.014166666666666666,0.014655172413793103
sparse,0.2,9,2400,2351,2400,2323,2351,34,0.9795833333333334,0.014166666666666666,0.01446193109315185
sparse,0.2,10,2400,2341,2400,2322,2341,29,0.9754166666666667,0.012083333333333333,0.012387868432293891
sparse,0.2,11,2400,2337,2400,2317,2337,26,0.97375,0.010833333333333334,0.011125374411638854
sparse,0.2,12,2400,2339,2400,2315,2339,32,0.9745833333333334,0.013333333333333334,0.013681060282171868
sparse,0.2,13,2400,2346,2400,2322,2346,31,0.9775,0.012916666666666667,0.013213981244671782
sparse,0.2,14,2400,2346,2400,2321,2346,28,0.9775,0.011666666666666667,0.011935208866155157
sparse,0.2,15,2400,2331,2400,2312,2331,33,0.97125,0.01375,0.014157014157014158
sparse,0.2,16,2400,2333,2400,2310,2333,29,0.9720833333333333,0.012083333333333333,0.012430347192456065
sparse,0.2,17,2400,2339,2400,2317,2339,29,0.9745833333333334,0.012083333333333333,0.012398460880718255
sparse,0.2,18,2400,2346,2400,2329,2346,27,0.9775,0.01125,0.011508951406649617
sparse,0.2,19,2400,2345,2400,2318,2345,36,0.9770833333333333,0.015,0.01535181236673774
sparse,0.4,0,2400,2253,2400,2099,2253,178,0.93875,0.07416666666666667,0.079005770084332
sparse,0.4,1,2400,2237,2400,2106,2237,155,0.9320833333333334,0.06458333333333334,0.06928922664282522
sparse,0.4,2,2400,2270,2400,2150,2270,135,0.9458333333333333,0.05625,0.05947136563876652
sparse,0.4,3,2400,2246,2400,2111,2246,154,0.9358333333333333,0.06416666666666666,0.06856634016028496
sparse,0.4,4,2400,2235,2400,2125,2235,126,0.93125,0.0525,0.056375838926174496
sparse,0.4,5,2400,2232,2400,2120,2232,132,0.93,0.055,0.05913978494623656
sparse,0.4,6,2400,2237,2400,2112,2237,146,0.9320833333333334,0.060833333333333336,0.06526598122485472
sparse,0.4,7,2400,2261,2400,2096,2261,177,0.9420833333333334,0.07375,0.07828394515701018
sparse,0.4,8,2400,2247,2400,2130,2247,135,0.93625,0.05625,0.06008010680907877
sparse,0.4,9,2400,2244,2400,2106,2244,154,0.935,0.06416666666666666,0.06862745098039216
sparse,0.4,10,2400,2236,2400,2126,2236,134,0.9316666666666666,0.05583333333333333,0.05992844364937388
sparse,0.4,11,2400,2244,2400,2136,2244,133,0.935,0.05541666666666667,0.059269162210338684
sparse,0.4,12,2400,2248,2400,2119,2248,145,0.9366666666666666,0.06041666666666667,0.0645017793594306
sparse,0.4,13,2400,2224,2400,2116,2224,130,0.9266666666666666,0.05416666666666667,0.05845323741007194
sparse,0.4,14,2400,2255,2400,2114,2255,155,0.9395833333333333,0.06458333333333334,0.06873614190687362
sparse,0.4,15,2400,2224,2400,2116,2224,129,0.9266666666666666,0.05375,0.05800359712230216
sparse,0.4,16,2400,2234,2400,2114,2234,141,0.9308333333333333,0.05875,0.06311548791405551
sparse,0.4,17,2400,2257,2400,2134,2257,146,0.9404166666666667,0.060833333333333336,0.06468763845813026
sparse,0.4,18,2400,2254,2400,2122,2254,149,0.9391666666666667,0.06208333333333333,0.06610470275066549
sparse,0.4,19,2400,2254,2400,2118,2254,155,0.9391666666666667,0.06458333333333334,0.06876663708961846
dense,0.0,0,7200,7200,7200,7200,7200,0,1.0,0.0,0.0
dense,0.0,1,7200,7200,7200,7200,7200,0,1.0,0.0,0.0
dense,0.0,2,7200,7200,7200,7200,7200,0,1.0,0.0,0.0
dense,0.0,3,7200,7200,7200,7200,7200,0,1.0,0.0,0.0
dense,0.0,4,7200,7200,7200,7200,7200,0,1.0,0.0,0.0
dense,0.0,5,7200,7200,7200,7200,7200,0,1.0,0.0,0.0
dense,0.0,6,7200,7200,7200,7200,7200,0,1.0,0.0,0.0
dense,0.0,7,7200,7200,7200,7200,7200,0,1.0,0.0,0.0
dense,0.0,8,7200,7200,7200,7200,7200,0,1.0,0.0,0.0
dense,0.0,9,7200,7200,7200,7200,7200,0,1.0,0.0,0.0
dense,0.0,10,7200,7200,7200,7200,7200,0,1.0,0.0,0.0
dense,0.0,11,7200,7200,7200,7200,7200,0,1.0,0.0,0.0
dense,0.0,12,7200,7200,7200,7200,7200,0,1.0,0.0,0.0
dense,0.0,13,7200,7200,7200,7200,7200,0,1.0,0.0,0.0
dense,0.0,14,7200,7200,7200,7200,7200,0,1.0,0.0,0.0
dense,0.0,15,7200,7200,7200,7200,7200,0,1.0,0.0,0.0
dense,0.0,16,7200,7200,7200,7200,7200,0,1.0,0.0,0.0
dense,0.0,17,7200,7200,7200,7200,7200,0,1.0,0.0,0.0
dense,0.0,18,7200,7200,7200,7200,7200,0,1.0,0.0,0.0
dense,0.0,19,7200,7200,7200,7200,7200,0,1.0,0.0,0.0
dense,0.01,0,7200,7192,7200,7192,7192,0,0.9988888888888889,0.0,0.0
dense,0.01,1,7200,7196,7200,7196,7196,0,0.9994444444444445,0.0,0.0
dense,0.01,2,7200,7188,7200,7188,7188,0,0.9983333333333333,0.0,0.0
dense,0.01,3,7200,7190,7200,7190,7190,0,0.9986111111111111,0.0,0.0
dense,0.01,4,7200,7190,7200,7190,7190,0,0.9986111111111111,0.0,0.0
dense,0.01,5,7200,7191,7200,7191,7191,0,0.99875,0.0,0.0
dense,0.01,6,7200,7193,7200,7193,7193,0,0.9990277777777777,0.0,0.0
dense,0.01,7,7200,7190,7200,7190,7190,0,0.9986111111111111,0.0,0.0
dense,0.01,8,7200,7190,7200,7190,7190,0,0.9986111111111111,0.0,0.0
dense,0.01,9,7200,7189,7200,7189,7189,0,0.9984722222222222,0.0,0.0
dense,0.01,10,7200,7186,7200,7186,7186,0,0.9980555555555556,0.0,0.0
dense,0.01,11,7200,7188,7200,7188,7188,0,0.9983333333333333,0.0,0.0
dense,0.01,12,7200,7190,7200,7190,7190,0,0.9986111111111111,0.0,0.0
dense,0.01,13,7200,7188,7200,7188,7188,0,0.9983333333333333,0.0,0.0
dense,0.01,14,7200,7188,7200,7188,7188,0,0.9983333333333333,0.0,0.0
dense,0.01,15,7200,7187,7200,7187,7187,0,0.9981944444444445,0.0,0.0
dense,0.01,16,7200,7188,7200,7188,7188,0,0.9983333333333333,0.0,0.0
dense,0.01,17,7200,7190,7200,7190,7190,0,0.9986111111111111,0.0,0.0
dense,0.01,18,7200,7192,7200,7192,7192,0,0.9988888888888889,0.0,0.0
dense,0.01,19,7200,7188,7200,7188,7188,0,0.9983333333333333,0.0,0.0
dense,0.05,0,7200,7128,7200,7129,7128,0,0.99,0.0,0.0
dense,0.05,1,7200,7153,7200,7153,7153,0,0.9934722222222222,0.0,0.0
dense,0.05,2,7200,7136,7200,7136,7136,0,0.9911111111111112,0.0,0.0
dense,0.05,3,7200,7131,7200,7131,7131,0,0.9904166666666666,0.0,0.0
dense,0.05,4,7200,7141,7200,7142,7141,0,0.9918055555555556,0.0,0.0
dense,0.05,5,7200,7134,7200,7135,7134,0,0.9908333333333333,0.0,0.0
dense,0.05,6,7200,7118,7200,7119,7118,0,0.9886111111111111,0.0,0.0
dense,0.05,7,7200,7139,7200,7140,7139,0,0.9915277777777778,0.0,0.0
dense,0.05,8,7200,7131,7200,7132,7131,0,0.9904166666666666,0.0,0.0
dense,0.05,9,7200,7152,7200,7152,7152,0,0.9933333333333333,0.0,0.0
dense,0.05,10,7200,7136,7200,7135,7136,1,0.9911111111111112,0.0001388888888888889,0.00014013452914798206
dense,0.05,11,7200,7128,7200,7128,7128,0,0.99,0.0,0.0
dense,0.05,12,7200,7145,7200,7145,7145,0,0.9923611111111111,0.0,0.0
dense,0.05,13,7200,7140,7200,7138,7140,2,0.9916666666666667,0.0002777777777777778,0.00028011204481792715
dense,0.05,14,7200,7124,7200,7124,7124,0,0.9894444444444445,0.0,0.0
dense,0.05,15,7200,7113,7200,7112,7113,1,0.9879166666666667,0.0001388888888888889,0.00014058765640376775
dense,0.05,16,7200,7126,7200,7128,7126,0,0.9897222222222222,0.0,0.0
dense,0.05,17,7200,7124,7200,7126,7124,0,0.9894444444444445,0.0,0.0
dense,0.05,18,7200,7138,7200,7138,7138,0,0.9913888888888889,0.0,0.0
dense,0.05,19,7200,7146,7200,7147,7146,0,0.9925,0.0,0.0
dense,0.1,0,7200,7048,7200,7048,7048,0,0.9788888888888889,0.0,0.0
dense,0.1,1,7200,7049,7200,7048,7049,2,0.9790277777777778,0.0002777777777777778,0.0002837281883955171
dense,0.1,2,7200,7038,7200,7037,7038,3,0.9775,0.0004166666666666667,0.00042625745950554135
dense,0.1,3,7200,7040,7200,7042,7040,0,0.9777777777777777,0.0,0.0
dense,0.1,4,7200,7052,7200,7053,7052,0,0.9794444444444445,0.0,0.0
dense,0.1,5,7200,7041,7200,7043,7041,2,0.9779166666666667,0.0002777777777777778,0.000284050560999858
dense,0.1,6,7200,7028,7200,7031,7028,0,0.9761111111111112,0.0,0.0
dense,0.1,7,7200,7037,7200,7040,7037,0,0.9773611111111111,0.0,0.0
dense,0.1,8,7200,7045,7200,7044,7045,1,0.9784722222222222,0.0001388888888888889,0.00014194464158978
dense,0.1,9,7200,7023,7200,7028,7023,1,0.9754166666666667,0.0001388888888888889,0.00014238929232521716
dense,0.1,10,7200,7028,7200,7027,7028,3,0.9761111111111112,0.0004166666666666667,0.00042686397268070576
dense,0.1,11,7200,7033,7200,7032,7033,2,0.9768055555555556,0.0002777777777777778,0.00028437366699843596
dense,0.1,12,7200,7035,7200,7039,7035,1,0.9770833333333333,0.0001388888888888889,0.00014214641080312722
dense,0.1,13,7200,7042,7200,7039,7042,3,0.9780555555555556,0.0004166666666666667,0.0004260153365521159
dense,0.1,14,7200,7036,7200,7038,7036,1,0.9772222222222222,0.0001388888888888889,0.0001421262080727686
dense,0.1,15,7200,7038,7200,7038,7038,0,0.9775,0.0,0.0
dense,0.1,16,7200,7038,7200,7040,7038,1,0.9775,0.0001388888888888889,0.00014208581983518045
dense,0.1,17,7200,7041,7200,7044,7041,0,0.9779166666666667,0.0,0.0
dense,0.1,18,7200,7008,7200,7011,7008,0,0.9733333333333334,0.0,0.0
dense,0.1,19,7200,7051,7200,7051,7051,1,0.9793055555555555,0.0001388888888888889,0.00014182385477237272
dense,0.2,0,7200,6796,7200,6794,6796,8,0.9438888888888889,0.0011111111111111111,0.0011771630370806356
dense,0.2,1,7200,6786,7200,6794,6786,4,0.9425,0.0005555555555555556,0.0005894488653109342
dense,0.2,2,7200,6766,7200,6770,6766,6,0.9397222222222222,0.0008333333333333334,0.0008867868755542418
dense,0.2,3,7200,6745,7200,6751,6745,2,0.9368055555555556,0.0002777777777777778,0.0002965159377316531
dense,0.2,4,7200,6800,7200,6804,6800,2,0.9444444444444444,0.0002777777777777778,0.0002941176470588235
dense,0.2,5,7200,6798,7200,6798,6798,10,0.9441666666666667,0.001388888888888889,0.0014710208884966167
dense,0.2,6,7200,6822,7200,6820,6822,12,0.9475,0.0016666666666666668,0.001759014951627089
dense,0.2,7,7200,6768,7200,6769,6768,7,0.94,0.0009722222222222222,0.0010342789598108747
dense,0.2,8,7200,6765,7200,6763,6765,10,0.9395833333333333,0.001388888888888889,0.0014781966001478197
dense,0.2,9,7200,6798,7200,6793,6798,8,0.9441666666666667,0.0011111111111111111,0.0011768167107972932
dense,0.2,10,7200,6801,7200,6805,6801,5,0.9445833333333333,0.0006944444444444445,0.0007351860020585208
dense,0.2,11,7200,6773,7200,6775,6773,8,0.9406944444444445,0.0011111111111111111,0.0011811604901816035
dense,0.2,12,7200,6789,7200,6793,6789,6,0.9429166666666666,0.0008333333333333334,0.0008837825894829872
dense,0.2,13,7200,6794,7200,6792,6794,6,0.9436111111111111,0.0008333333333333334,0.0008831321754489255
dense,0.2,14,7200,6796,7200,6802,6796,6,0.9438888888888889,0.0008333333333333334,0.0008828722778104767
dense,0.2,15,7200,6808,7200,6809,6808,4,0.9455555555555556,0.0005555555555555556,0.0005875440658049354
dense,0.2,16,7200,6799,7200,6803,6799,7,0.9443055555555555,0.0009722222222222222,0.0010295631710545668
dense,0.2,17,7200,6765,7200,6767,6765,6,0.9395833333333333,0.0008333333333333334,0.0008869179600886918
dense,0.2,18,7200,6795,7200,6805,6795,3,0.94375,0.0004166666666666667,0.0004415011037527594
dense,0.2,19,7200,6797,7200,6801,6797,7,0.9440277777777778,0.0009722222222222222,0.0010298661174047373
dense,0.4,0,7200,6102,7200,6124,6102,35,0.8475,0.004861111111111111,0.005735824319895116
dense,0.4,1,7200,6046,7200,6073,6046,30,0.8397222222222223,0.004166666666666667,0.004961958319550115
dense,0.4,2,7200,6136,7200,6156,6136,27,0.8522222222222222,0.00375,0.004400260756192959
dense,0.4,3,7200,6017,7200,6037,6017,26,0.8356944444444444,0.003611111111111111,0.004321090244307795
dense,0.4,4,7200,6105,7200,6117,6105,33,0.8479166666666667,0.004583333333333333,0.005405405405405406
dense,0.4,5,7200,6096,7200,6098,6096,36,0.8466666666666667,0.005,0.005905511811023622
dense,0.4,6,7200,6080,7200,6101,6080,23,0.8444444444444444,0.0031944444444444446,0.0037828947368421053
dense,0.4,7,7200,6074,7200,6090,6074,29,0.8436111111111111,0.004027777777777778,0.004774448468883767
dense,0.4,8,7200,6105,7200,6111,6105,28,0.8479166666666667,0.0038888888888888888,0.004586404586404586
dense,0.4,9,7200,6055,7200,6057,6055,37,0.8409722222222222,0.005138888888888889,0.00611065235342692
dense,0.4,10,7200,6027,7200,6051,6027,25,0.8370833333333333,0.003472222222222222,0.004148000663680106
dense,0.4,11,7200,6096,7200,6103,6096,29,0.8466666666666667,0.004027777777777778,0.004757217847769029
dense,0.4,12,7200,6105,7200,6143,6105,20,0.8479166666666667,0.002777777777777778,0.003276003276003276
dense,0.4,13,7200,6063,7200,6070,6063,36,0.8420833333333333,0.005,0.005937654626422563
dense,0.4,14,7200,6025,7200,6048,6025,22,0.8368055555555556,0.0030555555555555557,0.0036514522821576765
dense,0.4,15,7200,6079,7200,6104,6079,23,0.8443055555555555,0.0031944444444444446,0.003783517025826616
dense,0.4,16,7200,6096,7200,6113,6096,24,0.8466666666666667,0.0033333333333333335,0.003937007874015748
dense,0.4,17,7200,6104,7200,6096,6104,41,0.8477777777777777,0.005694444444444445,0.006716906946264744
dense,0.4,18,7200,6105,7200,6119,6105,29,0.8479166666666667,0.004027777777777778,0.00475020475020475
dense,0.4,19,7200,6051,7200,6057,6051,35,0.8404166666666667,0.004861111111111111,0.005784167906131218
