tag,profile,cls,p,coverage,coverage_sd,false_rate,false_rate_sd,chain_cov,chain_cov_sd,recloss,recloss_sd,irrec,irrec_sd,error_links,error_links_sd,irrec_links,irrec_links_sd,no_cert_links,no_cert_links_sd,fallback,fallback_sd,candidates,candidates_sd,ed_effort,ed_effort_sd,ed_error,ed_error_sd,ed_abstention,ed_abstention_sd,ed,ed_sd,secs,secs_sd
densweep,mid1,combined,0.1,0.7222291666666667,0.020642669199177385,0.07885617801690924,0.010920429189301485,0.459875,0.023751385001167493,0.47625,0.021832194961618145,0.57025,0.021868326049575126,0.0618125,0.008668980586851298,0.16318749999999999,0.009445785401019082,0.21595833333333334,0.01964743149440876,0.791125,0.027690429184486328,31.926125,1.304947940834987,1.1103862499999997,0.039554207038036734,9.271875,1.3003470880276948,64.7875,5.894229448322629,75.16976125000001,5.926732554324666,0.0038642916828393937,0.0002667081584517225
densweep,mid2,combined,0.1,0.7055520833333333,0.013930283252106473,0.09930220740572882,0.012088858661840358,0.443625,0.018619722848296338,0.46975,0.02064980565729882,0.5733125,0.017477781948579893,0.07782291666666667,0.009831473536213931,0.16504166666666667,0.008085571222140344,0.216625,0.013740793036606504,0.8160625,0.030058263050808158,66.5401875,2.7576671907073824,1.481464375,0.05575081768266863,11.6734375,1.4747210304320897,64.9875,4.122237910981951,78.142401875,3.9107204385077727,0.010691931401379407,0.0005325924970486996
densweep,mid3,combined,0.1,0.6900138888888889,0.01061960217204005,0.09588425431862334,0.010117155368449328,0.42370833333333335,0.016997753119489385,0.46675,0.015159724649939664,0.5867916666666667,0.015828196304241805,0.07323611111111111,0.008341625990868925,0.16646527777777778,0.005206208143420562,0.23675,0.012569608008370056,0.837,0.029210368262572242,102.24754166666666,3.423537747307139,1.8594754166666625,0.0627106633579484,10.985416666666666,1.2512438986303385,71.025,3.7708824025110164,83.86989208333333,3.3011529691775743,0.020352716790512204,0.0006010607101642079
filer30,dense,intent_links,0.0,1.0,0.0,0.0,0.0,1.0,0.0,0.0,0.0,0.0,0.0,0.0,0.0,0.0,0.0,0.0,0.0,0.0,0.0,0.0,0.0,0.0,0.0,0.0,0.0,0.0,0.0,0.0,0.0,0.007036848017014563,0.0002322095911910761
filer30,dense,intent_links,0.01,0.9990486111111111,0.00044214270568418597,0.00015985836499163392,0.00015802356337206932,0.9942916666666667,0.0026528562341051284,0.0,0.0,0.0057083333333333335,0.002652856234105122,0.00015972222222222223,0.00015787612246785163,0.0009513888888888889,0.000442142705684187,0.0007916666666666666,0.0003878955567713595,0.009791666666666667,0.0030573824947654565,1.46875,0.45860737421481845,0.024479166666666666,0.0076434562369136405,0.02395833333333333,0.023681418370177742,0.2375,0.11636866703140784,0.2859375,0.12913991481600184,0.007536341762170195,0.0008604296593838779
filer30,dense,intent_links,0.05,0.9951111111111112,0.0009230462041505559,0.0008019122160726951,0.00031642867713148174,0.9706666666666667,0.005538277224903336,0.0,0.0,0.029333333333333333,0.00553827722490334,0.0007986111111111112,0.00031502794929483177,0.004888888888888889,0.0009230462041505569,0.004090277777777778,0.0008423910765172975,0.050708333333333334,0.0059926551047660296,7.60625,0.8988982657149046,0.12677083333333333,0.014981637761915075,0.11979166666666667,0.047254192394224764,1.2270833333333333,0.2527173229551892,1.4736458333333333,0.27136273747282014,0.008694525086320936,0.0014539010974762342
filer30,dense,intent_links,0.1,0.9899722222222223,0.001236197348986017,0.0015409613848913239,0.0004266691274342172,0.9398333333333333,0.007417184093916026,0.0,0.0,0.06016666666666667,0.007417184093916028,0.0015277777777777779,0.0004227143945848234,0.010027777777777778,0.0012361973489860047,0.0085,0.0010839142242281355,0.10179166666666667,0.009797940319420403,15.26875,1.4696910479130603,0.25447916666666665,0.024494850798551,0.22916666666666666,0.06340715918772351,2.55,0.3251742672684406,3.0336458333333334,0.3641280208277037,0.010625660419464111,0.0017614908777238705
filer30,dense,intent_links,0.2,0.9811597222222223,0.0016637858875264372,0.0028936162706197587,0.0005176727707608979,0.8869583333333333,0.009982715325158669,0.0,0.0,0.11304166666666667,0.009982715325158676,0.0028472222222222223,0.0005088160396285045,0.01884027777777778,0.0016637858875264459,0.015993055555555555,0.0015102496630803493,0.19233333333333333,0.010132888956092004,28.85,1.5199333434138,0.48083333333333333,0.025332222390230003,0.4270833333333333,0.07632240594427567,4.797916666666667,0.4530748989241048,5.7058333333333335,0.4872115468400446,0.01168422510381788,0.000532763967314909
filer30,dense,intent_links,0.4,0.9610208333333333,0.0020248993228568777,0.0066328038637084126,0.0007793046602008142,0.766125,0.01214939593714135,0.0,0.0,0.233875,0.012149395937141358,0.006416666666666667,0.000752135793664788,0.03897916666666667,0.002024899322856893,0.0325625,0.0018061037179591844,0.40108333333333335,0.014895101043219519,60.1625,2.234265156482928,1.0027083333333333,0.03723775260804881,0.9625,0.11282036904971823,9.76875,0.5418311153877553,11.733958333333334,0.5952875598181682,0.016712079104036093,0.0013472965835865075
main,dense,approval_links,0.0,1.0,0.0,0.0,0.0,1.0,0.0,0.0,0.0,0.0,0.0,0.0,0.0,0.0,0.0,0.0,0.0,0.0,0.0,0.0,0.0,0.0,0.0,0.0,0.0,0.0,0.0,0.0,0.0,0.006989364651963115,0.00028805888920881563
main,dense,approval_links,0.01,0.9984166666666667,0.0004923884581935033,0.0,0.0,0.9905,0.0029543307491610633,0.0,0.0,0.009791666666666667,0.0030573824947654565,0.0,0.0,0.0016319444444444445,0.000509563749127576,0.0015833333333333333,0.0004923884581935113,0.009791666666666667,0.0030573824947654565,1.46875,0.45860737421481845,0.024479166666666666,0.0076434562369136405,0.0,0.0,0.475,0.14771653745805338,0.49947916666666664,0.15523850230752745,0.007212466560304165,0.00018403747447769087
main,dense,approval_links,0.05,0.9918611111111111,0.0010724259722176377,0.0,0.0,0.9511666666666667,0.00643455583330582,0.0,0.0,0.050708333333333334,0.0059926551047660296,0.0,0.0,0.008451388888888888,0.0009987758507943383,0.008138888888888888,0.0010724259722176349,0.050708333333333334,0.0059926551047660296,7.60625,0.8988982657149046,0.12677083333333333,0.014981637761915075,0.0,0.0,2.441666666666667,0.32172779166529053,2.5684375,0.33646233906691564,0.008612258313223719,0.0004901846678518197
main,dense,approval_links,0.1,0.9836388888888888,0.001585243026034808,0.0,0.0,0.9018333333333334,0.009511458156208756,0.0,0.0,0.10179166666666667,0.009797940319420403,0.0,0.0,0.016965277777777777,0.0016329900532367338,0.01636111111111111,0.0015852430260347916,0.10179166666666667,0.009797940319420403,15.26875,1.4696910479130603,0.25447916666666665,0.024494850798551,0.0,0.0,4.908333333333333,0.47557290781043743,5.1628125,0.49959105855271146,0.009735975041985511,0.0003469355423299943
main,dense,approval_links,0.2,0.9692847222222223,0.0017523509457032487,0.0,0.0,0.8157083333333334,0.010514105674219502,0.0,0.0,0.19233333333333333,0.010132888956092004,0.0,0.0,0.03205555555555555,0.0016888148260153341,0.03071527777777778,0.0017523509457032524,0.19233333333333333,0.010132888956092004,28.85,1.5199333434138,0.48083333333333333,0.025332222390230003,0.0,0.0,9.214583333333334,0.5257052837109756,9.695416666666667,0.5504544407798605,0.011875112610869109,0.0002916363507967586
main,dense,approval_links,0.4,0.9357361111111111,0.0025065298089013382,0.0,0.0,0.6144166666666666,0.01503917885340803,0.0,0.0,0.40108333333333335,0.014895101043219519,0.0,0.0,0.06684722222222222,0.002482516840536587,0.06426388888888888,0.00250652980890134,0.40108333333333335,0.014895101043219519,60.1625,2.234265156482928,1.0027083333333333,0.03723775260804881,0.0,0.0,19.279166666666665,0.7519589426704014,20.281875,0.7886458699023505,0.01757527922745794,0.0005779221831886634
main,dense,combined,0.0,1.0,0.0,0.0,0.0,1.0,0.0,0.0,0.0,0.0,0.0,0.0,0.0,0.0,0.0,0.0,0.0,0.0,0.0,0.0,0.0,0.0,0.0,0.0,0.0,0.0,0.0,0.0,0.0,0.00740666245110333,0.0014196682464248202
main,dense,combined,0.01,0.9601111111111111,0.0046602399355945194,0.004537898693722337,0.0017712608008894006,0.9174583333333334,0.00830026332986063,0.058875,0.006563204849365654,0.082875,0.008400931965843841,0.004375,0.001705505075733528,0.017486111111111112,0.0017956317474136193,0.035513888888888887,0.003924259572248422,0.09166666666666666,0.009224300477447902,13.4385,1.3624439631161271,0.22605166666666668,0.022836750384602814,0.65625,0.25582576136002916,10.654166666666667,1.1772778716745265,11.536468333333334,1.2852504535791607,0.009492437541484832,0.0005040271626516495
main,dense,combined,0.05,0.8187708333333333,0.007715692446260168,0.02484295056575146,0.003688829688761961,0.647,0.014578382618318191,0.2619166666666667,0.014975857764731664,0.3546666666666667,0.014620941482153644,0.02086111111111111,0.003123123218106769,0.086375,0.004130176473203666,0.16036805555555556,0.007510183010197133,0.4437916666666667,0.01954615732265222,60.02545833333333,2.6284387456055702,1.0440462500000018,0.04565222010856285,3.129166666666667,0.46846848271601543,48.110416666666666,2.2530549030591396,52.28362958333334,2.2728893349498818,0.01700771036557853,0.0036492633619637066
main,dense,combined,0.1,0.6726597222222223,0.011216719870894435,0.05719812521447671,0.007775246159743551,0.39975,0.01693878728303426,0.46675,0.015159724649939664,0.6032916666666667,0.016389080928600305,0.04081944444444444,0.005668067565628079,0.1718263888888889,0.005382591689056318,0.28652083333333334,0.011057755206694357,0.8687083333333333,0.03185134858106873,106.19254166666667,3.8985885367119555,1.9306337499999966,0.07009505469053251,6.122916666666667,0.8502101348442118,85.95625,3.317326562008305,94.00980041666666,3.282636906530042,0.03658159992191941,0.039895961192237206
main,dense,combined,0.2,0.44834722222222223,0.01019903254148775,0.13646573748297525,0.011298360253698429,0.131625,0.009253871483163175,0.7433333333333333,0.011666666666666672,0.8715833333333334,0.00857500447547323,0.07083333333333333,0.005796142933406961,0.34160416666666665,0.006925042340646951,0.48081944444444447,0.008390266046287531,1.5711666666666666,0.049865608863909595,157.97641666666667,6.673251611374584,3.150930833333332,0.11379291257580681,10.625,0.8694214400110442,144.24583333333334,2.51707981388626,158.02176416666666,2.7429741410294044,0.03096235415432602,0.004711687382398538
main,dense,combined,0.4,0.2052013888888889,0.006935443728475575,0.2747065922822012,0.025887859748869993,0.009208333333333334,0.002470217335420211,0.9497083333333334,0.007395841055098507,0.9915,0.002189822284439285,0.07781944444444444,0.008301119510054527,0.6265694444444444,0.006486212072044426,0.7169791666666667,0.007143332490796856,1.9825,0.05870993719249064,126.98470833333333,6.1009675334871085,3.2523470833333343,0.11806402794667382,11.672916666666667,1.245167926508179,215.09375,2.142999747239058,230.01901375,1.7193643530205207,0.021607700060121714,0.0014135407368007782
main,dense,correlation_ids,0.0,1.0,0.0,0.0,0.0,1.0,0.0,0.0,0.0,0.0,0.0,0.0,0.0,0.0,0.0,0.0,0.0,0.0,0.0,0.0,0.0,0.0,0.0,0.0,0.0,0.0,0.0,0.0,0.0,0.006909429142251611,0.00024213943736287982
main,dense,correlation_ids,0.01,0.9948541666666667,0.0014556156799778092,0.0,0.0,0.9898333333333333,0.002931977358041871,0.0,0.0,0.010166666666666668,0.0029319773580418684,0.0,0.0,0.0016944444444444444,0.0004886628930069781,0.005145833333333333,0.001455615679977813,0.010666666666666666,0.0033179469449984523,1.6,0.49769204174976783,0.026666666666666665,0.00829486736249613,0.0,0.0,1.54375,0.4366847039933439,1.5704166666666668,0.4448395424951018,0.007322008325718343,0.0002688845280462745
main,dense,correlation_ids,0.05,0.96925,0.0029526119756721134,0.0,0.0,0.9414166666666667,0.005194323262182165,0.0,0.0,0.058583333333333334,0.005194323262182166,0.0,0.0,0.009840277777777778,0.0008810359897329269,0.03075,0.0029526119756721155,0.061625,0.005369906127006831,9.24375,0.8054859190510245,0.1540625,0.013424765317517073,0.0,0.0,9.225,0.8857835927016344,9.3790625,0.8980522486375138,0.009322999860160053,0.0011481648748140766
main,dense,correlation_ids,0.1,0.9291319444444445,0.004899053055586915,0.0,0.0,0.8718333333333333,0.007815489194223823,0.0,0.0,0.12816666666666668,0.007815489194223816,0.0,0.0,0.022194444444444444,0.0013303450919508485,0.07086805555555556,0.004899053055586915,0.13866666666666666,0.008067696034076003,20.8,1.2101544051114,0.3466666666666667,0.020169240085189995,0.0,0.0,21.260416666666668,1.4697159166760747,21.607083333333335,1.4873093150175627,0.011273862444795668,0.000499940775100979
main,dense,correlation_ids,0.2,0.8243194444444445,0.009901018827078618,0.0,0.0,0.7051666666666667,0.01630663768986538,0.0,0.0,0.29483333333333334,0.016306637689865372,0.0,0.0,0.05507638888888889,0.002913174949749715,0.17568055555555556,0.009901018827078605,0.34391666666666665,0.017826117576080814,51.5875,2.673917636412122,0.8597916666666666,0.04456529394020203,0.0,0.0,52.704166666666666,2.970305648123583,53.56395833333333,3.0102525755072373,0.01668554584030062,0.0005636695364513595
main,dense,correlation_ids,0.4,0.5542291666666667,0.012971803889594444,0.0,0.0,0.34675,0.012764454024740256,0.0,0.0,0.65325,0.012764454024740244,0.0,0.0,0.1556736111111111,0.0042778240580013446,0.44577083333333334,0.012971803889594444,0.972125,0.028224086339642657,145.81875,4.233612950946396,2.4303125,0.0705602158491066,0.0,0.0,133.73125,3.891541166878333,136.1615625,3.9511862112264238,0.034343195823021234,0.0013049868183364355
main,dense,ids_plus_timestamps,0.0,1.0,0.0,0.0,0.0,1.0,0.0,0.0,0.0,0.0,0.0,0.0,0.0,0.0,0.0,0.0,0.0,0.0,0.0,0.0,0.0,0.0,0.0,0.0,0.0,0.0,0.0,0.0,0.0,0.008430612622760236,0.002442260546895848
main,dense,ids_plus_timestamps,0.01,0.994875,0.0014418977775070329,0.0,0.0,0.989875,0.002902849477275618,0.0,0.0,0.010125,0.0029028494772756126,0.0,0.0,0.0016875,0.00048380824621260213,0.005125,0.001441897777507035,0.010666666666666666,0.0033179469449984523,1.56875,0.5073068079263485,0.026354166666666668,0.008379123101337538,0.0,0.0,1.5375,0.4325693332521105,1.5638541666666668,0.44077392137288124,0.00954605422448367,0.003107751819246743
main,dense,ids_plus_timestamps,0.05,0.9692430555555556,0.002804142064749612,0.0001644326531085065,0.00023324518647182258,0.9415416666666666,0.005009311505026006,0.0,0.0,0.058458333333333334,0.005009311505026012,0.00015972222222222223,0.0002265433315982131,0.009819444444444445,0.0008479469146771282,0.030597222222222224,0.0029102547175664214,0.061625,0.005369906127006831,8.7875,0.840093196584384,0.1495,0.01363260625179112,0.02395833333333333,0.03398149973973196,9.179166666666667,0.8730764152699262,9.352625,0.8686565918061658,0.010319093591533601,0.0014580836767495988
main,dense,ids_plus_timestamps,0.1,0.928951388888889,0.004637718931849812,0.0009039959797958753,0.0006085042353067169,0.872625,0.007190367785370152,0.0,0.0,0.12737500000000002,0.007190367785370155,0.0008402777777777778,0.0005654725263332311,0.022041666666666668,0.0012316720015605619,0.07020833333333333,0.0045539996986561845,0.1385,0.008427537707590844,18.66875,1.2249295092500543,0.3251875,0.020179419539551095,0.12604166666666666,0.08482087894998468,21.0625,1.366199909596855,21.513729166666668,1.391996543232279,0.011618483066558837,0.0012593796281584865
main,dense,ids_plus_timestamps,0.2,0.8230208333333333,0.009781655742642769,0.006985324878253752,0.002473992573924211,0.7067916666666667,0.01638640455945003,0.0,0.0,0.29320833333333335,0.01638640455945003,0.005791666666666666,0.002069446897443501,0.05468055555555556,0.0030184818938449477,0.1711875,0.009824490832949343,0.33695833333333336,0.01750579477993481,40.6375,2.4214298190162467,0.7433333333333333,0.040371764712047356,0.86875,0.31041703461652514,51.35625,2.947347249884803,52.968333333333334,2.959352236816312,0.015150610497221351,0.0019275962603114887
main,dense,ids_plus_timestamps,0.4,0.5517083333333334,0.012814758652087099,0.04652975292401472,0.005818521054925823,0.34879166666666667,0.012215998880769872,0.0,0.0,0.6512083333333334,0.012215998880769876,0.02688888888888889,0.0031008734018742106,0.153875,0.004093137769867868,0.4214027777777778,0.011227632807788865,0.8624166666666666,0.024293978027919855,83.94375,2.958171943954577,1.7018541666666667,0.05242100625636467,4.033333333333333,0.46513101028113174,126.42083333333333,3.3682898423366576,132.15602083333334,3.6188112842506355,0.01932016876526177,0.0009687073511144155
main,dense,intent_links,0.0,1.0,0.0,0.0,0.0,1.0,0.0,0.0,0.0,0.0,0.0,0.0,0.0,0.0,0.0,0.0,0.0,0.0,0.0,0.0,0.0,0.0,0.0,0.0,0.0,0.0,0.0,0.0,0.0,0.0070509353652596475,0.000396473957419957
main,dense,intent_links,0.01,0.9992708333333333,0.00030520647257747566,0.0,0.0,0.995625,0.0018312388354648362,0.0,0.0,0.004375,0.001831238835464839,0.0,0.0,0.0007291666666666667,0.00030520647257747317,0.0007291666666666667,0.00030520647257747317,0.009791666666666667,0.0030573824947654565,1.46875,0.45860737421481845,0.024479166666666666,0.0076434562369136405,0.0,0.0,0.21875,0.09156194177324195,0.24322916666666666,0.0954054018287194,0.007126812567003071,0.00018596924752872126
main,dense,intent_links,0.05,0.9963958333333334,0.0008673315694312344,0.0,0.0,0.978375,0.005203989416587348,0.0,0.0,0.021625,0.0052039894165873575,0.0,0.0,0.0036041666666666665,0.0008673315694312261,0.0036041666666666665,0.0008673315694312261,0.050708333333333334,0.0059926551047660296,7.60625,0.8988982657149046,0.12677083333333333,0.014981637761915075,0.0,0.0,1.08125,0.26019947082936784,1.2080208333333333,0.26997864041974645,0.008596002170816065,0.0004777691032416142
main,dense,intent_links,0.1,0.9932361111111111,0.0007568455190467234,0.0,0.0,0.9594166666666667,0.004541073114280342,0.0,0.0,0.04058333333333333,0.004541073114280343,0.0,0.0,0.006763888888888889,0.0007568455190467236,0.006763888888888889,0.0007568455190467236,0.10179166666666667,0.009797940319420403,15.26875,1.4696910479130603,0.25447916666666665,0.024494850798551,0.0,0.0,2.029166666666667,0.22705365571401712,2.2836458333333334,0.24745716575850837,0.009542252006940543,0.00037167659193864717
main,dense,intent_links,0.2,0.9864444444444445,0.0014941134223272318,0.0,0.0,0.9186666666666666,0.008964680533963489,0.0,0.0,0.08133333333333334,0.00896468053396346,0.0,0.0,0.013555555555555555,0.0014941134223272433,0.013555555555555555,0.0014941134223272433,0.19233333333333333,0.010132888956092004,28.85,1.5199333434138,0.48083333333333333,0.025332222390230003,0.0,0.0,4.066666666666666,0.4482340266981731,4.5475,0.4666375891630281,0.011770947906188666,0.0007896884609868201
main,dense,intent_links,0.4,0.9719791666666666,0.0018984081384251924,0.0,0.0,0.831875,0.011390448830551132,0.0,0.0,0.168125,0.011390448830551127,0.0,0.0,0.028020833333333335,0.0018984081384251874,0.028020833333333335,0.0018984081384251874,0.40108333333333335,0.014895101043219519,60.1625,2.234265156482928,1.0027083333333333,0.03723775260804881,0.0,0.0,8.40625,0.5695224415275563,9.408958333333333,0.5939721806523343,0.017003518692217768,0.0014902075865566794
main,dense,source_artifacts,0.0,1.0,0.0,0.0,0.0,1.0,0.0,0.0,0.0,0.0,0.0,0.0,0.0,0.0,0.0,0.0,0.0,0.0,0.0,0.0,0.0,0.0,0.0,0.0,0.0,0.0,0.0,0.0,0.0,0.0070670916931703685,0.00032244209352774223
main,dense,source_artifacts,0.01,0.9683055555555555,0.004673727601669447,0.004272144227965179,0.0014513156500181796,0.9417916666666667,0.007103428667228903,0.058208333333333334,0.007103428667228901,0.058208333333333334,0.007103428667228901,0.004152777777777778,0.0014076943254272768,0.013173611111111112,0.0017065613878880182,0.027541666666666666,0.00406106431121585,0.059583333333333335,0.007150737090375544,8.792416666666666,1.0447380299240525,0.14750749999999996,0.017597745590097632,0.6229166666666667,0.21115414881409153,8.2625,1.2183192933647546,9.032924166666666,1.3103627106926656,0.0098869021050632,0.0026352812102670067
main,dense,source_artifacts,0.05,0.8483888888888889,0.008358077299256746,0.023423770066679714,0.003460838355339536,0.7332916666666667,0.00942993165993854,0.2667083333333333,0.009429931659938532,0.2667083333333333,0.009429931659938532,0.02034722222222222,0.0030041191668791897,0.06627777777777778,0.0032773069341672507,0.1312638888888889,0.00775370910424774,0.2985,0.013911793978344649,42.221125,1.8586117971486136,0.7207112499999994,0.03249264078567059,3.0520833333333335,0.45061787503187845,39.37916666666666,2.3261127312743235,43.15196125,2.4010741227882475,0.012220760248601437,0.0004988182068545858
main,dense,source_artifacts,0.1,0.7253333333333334,0.010693675448922482,0.053028947253151854,0.005481063328960952,0.529125,0.012361735315076105,0.470875,0.012361735315076115,0.470875,0.012361735315076115,0.04061805555555555,0.004247384577270872,0.1303125,0.003936342422435665,0.2340486111111111,0.010425023450998378,0.5914583333333333,0.024085427578463856,79.28904166666666,3.069121756046129,1.3843487499999956,0.0547571024843167,6.092708333333333,0.6371076865906309,70.21458333333334,3.127507035299513,77.69164041666666,3.138828869609182,0.016840418800711632,0.001495713177182402
main,dense,source_artifacts,0.2,0.5309027777777778,0.010648206415638533,0.12061844251914942,0.009603337420418072,0.2647083333333333,0.010437347890827061,0.7352916666666667,0.01043734789082705,0.7352916666666667,0.01043734789082705,0.07284027777777778,0.0062252555980625065,0.25290972222222224,0.0066789109962265975,0.3962569444444444,0.011296558682201795,1.1325833333333333,0.029369470364201084,135.16654166666666,3.09979061350726,2.4842487499999986,0.059964894169104,10.926041666666666,0.9337883397093759,118.87708333333333,3.3889676046605395,132.28737375,3.1986459514696057,0.0228579688584432,0.0022167782502412327
main,dense,source_artifacts,0.4,0.29389583333333336,0.009314059023880238,0.302723813112693,0.022370683497035786,0.04675,0.008319725732096578,0.95325,0.008319725732096585,0.95325,0.008319725732096585,0.1277638888888889,0.011468033728405297,0.47841666666666666,0.00562572643493511,0.5783402777777777,0.012186740346362345,2.0895,0.06890454453307085,187.09675,5.546571763352872,3.960467499999999,0.12331254299341854,19.164583333333333,1.7202050592607943,173.50208333333333,3.6560221039086986,196.62713416666665,2.8334734917731565,0.0310011625289917,0.006978136318990017
main,dense,timestamps,0.0,1.0,0.0,0.0,0.0,1.0,0.0,0.0,0.0,0.0,0.0,0.0,0.0,0.0,0.0,0.0,0.0,0.0,0.0,0.0,0.0,0.0,0.0,0.0,0.0,0.0,0.0,0.0,0.0,0.007248681271448731,0.00045578931580690104
main,dense,timestamps,0.01,1.0,0.0,0.0,0.0,1.0,0.0,0.0,0.0,0.0,0.0,0.0,0.0,0.0,0.0,0.0,0.0,0.0,0.0,0.0,0.0,0.0,0.0,0.0,0.0,0.0,0.0,0.0,0.0,0.007364824996329844,0.0009007077918783356
main,dense,timestamps,0.05,1.0,0.0,0.0,0.0,1.0,0.0,0.0,0.0,0.0,0.0,0.0,0.0,0.0,0.0,0.0,0.0,0.0,0.0,0.0,0.0,0.0,0.0,0.0,0.0,0.0,0.0,0.0,0.0,0.009044931060634554,0.003452728612822494
main,dense,timestamps,0.1,1.0,0.0,0.0,0.0,1.0,0.0,0.0,0.0,0.0,0.0,0.0,0.0,0.0,0.0,0.0,0.0,0.0,0.0,0.0,0.0,0.0,0.0,0.0,0.0,0.0,0.0,0.0,0.0,0.007248556148260832,0.0004924612009902086
main,dense,timestamps,0.2,1.0,0.0,0.0,0.0,1.0,0.0,0.0,0.0,0.0,0.0,0.0,0.0,0.0,0.0,0.0,0.0,0.0,0.0,0.0,0.0,0.0,0.0,0.0,0.0,0.0,0.0,0.0,0.0,0.008904914488084614,0.0031155209870055555
main,dense,timestamps,0.4,1.0,0.0,0.0,0.0,1.0,0.0,0.0,0.0,0.0,0.0,0.0,0.0,0.0,0.0,0.0,0.0,0.0,0.0,0.0,0.0,0.0,0.0,0.0,0.0,0.0,0.0,0.0,0.0,0.009462329209782183,0.0029657101986868663
main,sparse,approval_links,0.0,1.0,0.0,0.0,0.0,1.0,0.0,0.0,0.0,0.0,0.0,0.0,0.0,0.0,0.0,0.0,0.0,0.0,0.0,0.0,0.0,0.0,0.0,0.0,0.0,0.0,0.0,0.0,0.0,0.0023884186521172523,0.00021956757992117854
main,sparse,approval_links,0.01,0.9993333333333333,0.0005129891760425908,0.0,0.0,0.996,0.003077935056255467,0.0,0.0,0.01,0.005,0.0,0.0,0.0016666666666666668,0.0008333333333333334,0.0006666666666666668,0.000512989176042577,0.01,0.005,0.5,0.25,0.015,0.0075,0.0,0.0,0.2,0.15389675281277312,0.215,0.15849933587773865,0.002311339764855802,0.00014159754315187613
main,sparse,approval_links,0.05,0.9964375,0.0010159096261090738,0.0,0.0,0.978625,0.0060954577566543836,0.0,0.0,0.050625,0.007516429373466885,0.0,0.0,0.0084375,0.0012527382289111474,0.0035625,0.0010159096261090613,0.050625,0.007516429373466885,2.53125,0.37582146867334426,0.0759375,0.011274644060200328,0.0,0.0,1.06875,0.3047728878327184,1.1446875,0.308460170539424,0.0024401376256719233,0.00015476278561824347
main,sparse,approval_links,0.1,0.993125,0.001647366319151169,0.0,0.0,0.95875,0.009884197914907045,0.0,0.0,0.100875,0.020715411882791135,0.0,0.0,0.0168125,0.003452568647131856,0.006875,0.0016473663191511729,0.100875,0.020715411882791135,5.04375,1.0357705941395567,0.1513125,0.031073117824186706,0.0,0.0,2.0625,0.4942098957453519,2.2138125,0.5177158326612756,0.0025682687759399415,0.00011708297642340379
main,sparse,approval_links,0.2,0.9878333333333333,0.0019430864096384437,0.0,0.0,0.927,0.01165851845783069,0.0,0.0,0.1905,0.016234304160602248,0.0,0.0,0.03175,0.0027057173601003743,0.012166666666666666,0.001943086409638449,0.1905,0.016234304160602248,9.525,0.8117152080301122,0.28575,0.024351456240903374,0.0,0.0,3.65,0.5829259228915347,3.93575,0.5962830869116129,0.0029624498682096602,0.00023431530929340067
main,sparse,approval_links,0.4,0.972875,0.0033549191430108103,0.0,0.0,0.83725,0.020129514858064836,0.0,0.0,0.391625,0.03041678682985157,0.0,0.0,0.06527083333333333,0.005069464471641928,0.027125,0.003354919143010804,0.391625,0.03041678682985157,19.58125,1.5208393414925783,0.5874375000000001,0.04562518024477734,0.0,0.0,8.1375,1.0064757429032414,8.7249375,1.0383966064734256,0.003517818753607571,0.00021473276538559025
main,sparse,combined,0.0,1.0,0.0,0.0,0.0,1.0,0.0,0.0,0.0,0.0,0.0,0.0,0.0,0.0,0.0,0.0,0.0,0.0,0.0,0.0,0.0,0.0,0.0,0.0,0.0,0.0,0.0,0.0,0.0,0.00225833123549819,0.00011952109322500475
main,sparse,combined,0.01,0.9708125,0.006777417513912994,0.0092885328492765,0.00447047723437889,0.93575,0.012852912837993282,0.055875,0.01265106090828999,0.0695,0.01377927505540954,0.009104166666666667,0.00438313779498484,0.015166666666666667,0.0032172779166529048,0.020083333333333335,0.005628613199510835,0.088375,0.015982618025447783,4.30175,0.7609823550758862,0.1313925,0.0235799076769319,1.365625,0.6574706692477259,6.025,1.6885839598532506,7.5220175,1.7662937219064254,0.00247338127810508,0.0001394452107997841
main,sparse,combined,0.05,0.856125,0.015501544442956611,0.04491577427960437,0.011529051415786702,0.704,0.025084069173796145,0.255125,0.022717877842884236,0.3175,0.025052576293614365,0.04025,0.0102396360383966,0.077875,0.006216871263271708,0.103625,0.011189407977064426,0.417125,0.029405009866741372,18.703375,1.4403698526767352,0.6041587499999997,0.043404194463662955,6.0375,1.53594540575949,31.0875,3.3568223931193275,37.729158749999996,3.7893158591856637,0.0033971956465393303,0.0002997976086245642
main,sparse,combined,0.1,0.7222291666666667,0.020642669199177385,0.07885617801690924,0.010920429189301485,0.459875,0.023751385001167493,0.47625,0.021832194961618145,0.57025,0.021868326049575126,0.0618125,0.008668980586851298,0.16318749999999999,0.009445785401019082,0.21595833333333334,0.01964743149440876,0.791125,0.027690429184486328,31.926125,1.304947940834987,1.1103862499999997,0.039554207038036734,9.271875,1.3003470880276948,64.7875,5.894229448322629,75.16976125000001,5.926732554324666,0.003798437537625432,0.0002513572680635528
main,sparse,combined,0.2,0.5114583333333333,0.01732815585629691,0.10680331245051108,0.010069025286799751,0.181375,0.017461894603905233,0.734125,0.019622674183333508,0.837125,0.01567085377044713,0.06110416666666667,0.005466663658000883,0.31964583333333335,0.011691917379863056,0.4274375,0.016547973741262722,1.24875,0.035508523809895214,40.50975,1.346663493894994,1.6538474999999986,0.04619383068572041,9.165625,0.8199995487001326,128.23125,4.964392122378816,139.0507225,5.0176233845520875,0.0041217956924811,0.0001879622855185921
main,sparse,combined,0.4,0.22408333333333333,0.012266533180051728,0.1270864261900522,0.015518432572934173,0.0125,0.006977407149243607,0.954125,0.00936380911021962,0.99025,0.0063815111228083254,0.032625,0.004353487208800892,0.6169583333333334,0.010613577451349259,0.7432916666666667,0.01327419725879861,1.432625,0.042823651544198656,27.3375,1.4857002601998477,1.705999999999999,0.054970119873867726,4.89375,0.6530230813201339,222.9875,3.9822591776395893,229.58725,3.762319348294694,0.003441998083144426,0.00014892837175276805
main,sparse,correlation_ids,0.0,1.0,0.0,0.0,0.0,1.0,0.0,0.0,0.0,0.0,0.0,0.0,0.0,0.0,0.0,0.0,0.0,0.0,0.0,0.0,0.0,0.0,0.0,0.0,0.0,0.0,0.0,0.0,0.0,0.0022452959325164556,0.00015758547690315823
main,sparse,correlation_ids,0.01,0.9974791666666667,0.0016079287737709327,0.0,0.0,0.995125,0.0029774370822819064,0.0,0.0,0.004875,0.0029774370822819025,0.0,0.0,0.0008125000000000001,0.0004962395137136504,0.0025208333333333333,0.001607928773770924,0.010875000000000001,0.004952072931186441,0.54375,0.24760364655932207,0.0163125,0.0074281093967796625,0.0,0.0,0.75625,0.48237863213127724,0.7725625,0.4878086868508035,0.0023025770438835024,0.0001103456747631895
main,sparse,correlation_ids,0.05,0.9871041666666667,0.004601191286754977,0.0,0.0,0.9755,0.007971990440219274,0.0,0.0,0.0245,0.007971990440219267,0.0,0.0,0.004125,0.0013169220272024437,0.012895833333333334,0.004601191286754979,0.063875,0.01074449063229004,3.19375,0.537224531614502,0.0958125,0.01611673594843506,0.0,0.0,3.86875,1.3803573860264937,3.9645625,1.3900607163826562,0.0024758937768638136,0.0001476573773118331
main,sparse,correlation_ids,0.1,0.9695416666666666,0.006453414935325748,0.0,0.0,0.9445,0.011459310165698636,0.0,0.0,0.0555,0.011459310165698641,0.0,0.0,0.0094375,0.0018450334392126515,0.030458333333333334,0.006453414935325744,0.145,0.020916500663351885,7.25,1.0458250331675945,0.2175,0.03137475099502784,0.0,0.0,9.1375,1.9360244805977234,9.355,1.9573530814664777,0.0027118999511003493,0.00011920544778790942
main,sparse,correlation_ids,0.2,0.9241666666666667,0.01101733084496279,0.0,0.0,0.87225,0.017204268136287077,0.0,0.0,0.12775,0.017204268136287088,0.0,0.0,0.023229166666666665,0.0031584467414717396,0.07583333333333334,0.011017330844962784,0.342125,0.02468585520836621,17.10625,1.2342927604183105,0.5131875,0.03702878281254931,0.0,0.0,22.75,3.3051992534888357,23.2631875,3.3268331035953147,0.0034262771718204022,0.00022327162507274284
main,sparse,correlation_ids,0.4,0.7999375,0.016159653818993387,0.0,0.0,0.702875,0.022083498840823033,0.0,0.0,0.297125,0.022083498840823015,0.0,0.0,0.0663125,0.0047493362878868245,0.2000625,0.016159653818993387,0.970875,0.047241505780627434,48.54375,2.3620752890313703,1.4563125,0.0708622586709411,0.0,0.0,60.01875,4.847896145698017,61.4750625,4.871455618997451,0.005429352284409106,0.0004871832010934152
main,sparse,ids_plus_timestamps,0.0,1.0,0.0,0.0,0.0,1.0,0.0,0.0,0.0,0.0,0.0,0.0,0.0,0.0,0.0,0.0,0.0,0.0,0.0,0.0,0.0,0.0,0.0,0.0,0.0,0.0,0.0,0.0,0.0,0.0022441168082877995,9.534645150673537e-05
main,sparse,ids_plus_timestamps,0.01,0.9974166666666667,0.0016312016164319865,0.0,0.0,0.995,0.0030348848933344228,0.0,0.0,0.005,0.0030348848933344197,0.0,0.0,0.0008333333333333334,0.0005058141488890701,0.0025833333333333333,0.0016312016164319763,0.010875000000000001,0.004952072931186441,0.54375,0.24760364655932207,0.0163125,0.0074281093967796625,0.0,0.0,0.775,0.4893604849295929,0.7913125,0.49481114735427356,0.002651568804867566,0.0006598831650264677
main,sparse,ids_plus_timestamps,0.05,0.9858958333333333,0.00488963540120581,0.00048661618487936186,0.0006183900815885352,0.97375,0.008131323450252834,0.0,0.0,0.02625,0.00813132345025283,0.0004791666666666667,0.0006087057259618259,0.004416666666666667,0.001354546168145415,0.013625,0.00467726709579217,0.06375,0.010683854025683113,3.1,0.49769204174976783,0.09475,0.015605118930726074,0.071875,0.09130585889427388,4.0875,1.4031801287376509,4.254125,1.4432452751844038,0.0024787687696516516,0.00011064238459937912
main,sparse,ids_plus_timestamps,0.1,0.9634583333333333,0.007384713347725147,0.0018781986218744252,0.0016580901761046201,0.933625,0.014036489102186094,0.0,0.0,0.066375,0.014036489102186111,0.0018125,0.001601094974371934,0.011354166666666667,0.0024139995869610154,0.034729166666666665,0.00715875098346596,0.14400000000000002,0.020235456115702613,6.55,0.9668859400428944,0.2095,0.029659249023391992,0.271875,0.24016424615579013,10.41875,2.1476252950397883,10.900125,2.1910480962015466,0.0026948207523673773,0.00024622351522322547
main,sparse,ids_plus_timestamps,0.2,0.8904583333333334,0.010108060155982411,0.009357251807808907,0.004032282787025538,0.816375,0.014106619386880594,0.0,0.0,0.183625,0.014106619386880608,0.008416666666666666,0.0036514837167011074,0.03308333333333333,0.0023970010502892404,0.101125,0.010068388228533294,0.333375,0.026135716135104025,13.41875,1.299212185376807,0.4675625,0.038359610320588086,1.2625,0.5477225575051661,30.3375,3.020516468559989,32.0675625,2.9935598768054956,0.003063664468936622,0.00020067789631913557
main,sparse,ids_plus_timestamps,0.4,0.639375,0.01939485635977679,0.04066021187722337,0.010281772492125562,0.46225,0.019833185905393378,0.0,0.0,0.5377500000000001,0.019833185905393395,0.0270625,0.006724631503632681,0.1185625,0.0058246724552137984,0.3335625,0.017539885103513207,0.820625,0.03243287602677908,26.25,1.7448231700481405,1.083125,0.04782179777157339,4.059375,1.0086947255449021,100.06875,5.261965531053962,105.21125,5.481880544959961,0.003670645854435861,0.00016554966606818555
main,sparse,intent_links,0.0,1.0,0.0,0.0,0.0,1.0,0.0,0.0,0.0,0.0,0.0,0.0,0.0,0.0,0.0,0.0,0.0,0.0,0.0,0.0,0.0,0.0,0.0,0.0,0.0,0.0,0.0,0.0,0.0,0.0022676478838548064,0.00013979465136107908
main,sparse,intent_links,0.01,0.9999583333333333,0.00012824729401063014,0.0,0.0,0.99975,0.0007694837640638491,0.0,0.0,0.00025,0.0007694837640638656,0.0,0.0,4.166666666666667e-05,0.00012824729401064426,4.166666666666667e-05,0.00012824729401064426,0.01,0.005,0.5,0.25,0.015,0.0075,0.0,0.0,0.0125,0.03847418820319328,0.0275,0.041639903685615896,0.0023672832641750572,0.0002667169626363988
main,sparse,intent_links,0.05,0.9997291666666667,0.00033863654203635527,0.0,0.0,0.998375,0.002031819252218118,0.0,0.0,0.0016250000000000001,0.0020318192522181225,0.0,0.0,0.0002708333333333334,0.00033863654203635375,0.0002708333333333334,0.00033863654203635375,0.050625,0.007516429373466885,2.53125,0.37582146867334426,0.0759375,0.011274644060200328,0.0,0.0,0.08125,0.10159096261090612,0.1571875,0.1040684515051714,0.002394122863188386,0.00013487808930347068
main,sparse,intent_links,0.1,0.999375,0.00043804790253154077,0.0,0.0,0.9962500000000001,0.002628287415189228,0.0,0.0,0.00375,0.002628287415189234,0.0,0.0,0.000625,0.00043804790253153904,0.000625,0.00043804790253153904,0.100875,0.020715411882791135,5.04375,1.0357705941395567,0.1513125,0.031073117824186706,0.0,0.0,0.1875,0.1314143707594617,0.3388125,0.1342133973183633,0.0025418707868084312,0.00014118237554783106
main,sparse,intent_links,0.2,0.9983958333333334,0.0008363432484571038,0.0,0.0,0.990375,0.00501805949074257,0.0,0.0,0.009625,0.00501805949074257,0.0,0.0,0.0016041666666666667,0.000836343248457095,0.0016041666666666667,0.000836343248457095,0.1905,0.016234304160602248,9.525,0.8117152080301122,0.28575,0.024351456240903374,0.0,0.0,0.48125,0.2509029745371285,0.767,0.2504717260017901,0.0028176292311400176,0.0001471887674081624
main,sparse,intent_links,0.4,0.9970416666666667,0.0010890537230531401,0.0,0.0,0.98225,0.006534322338318847,0.0,0.0,0.017750000000000002,0.006534322338318843,0.0,0.0,0.002958333333333333,0.0010890537230531406,0.002958333333333333,0.0010890537230531406,0.391625,0.03041678682985157,19.58125,1.5208393414925783,0.5874375000000001,0.04562518024477734,0.0,0.0,0.8875,0.32671611691594216,1.4749375,0.33291635857856333,0.0035569353960454462,0.00032913299448081556
main,sparse,source_artifacts,0.0,1.0,0.0,0.0,0.0,1.0,0.0,0.0,0.0,0.0,0.0,0.0,0.0,0.0,0.0,0.0,0.0,0.0,0.0,0.0,0.0,0.0,0.0,0.0,0.0,0.0,0.0,0.0,0.0,0.0022918563336133957,0.00013177307412027463
main,sparse,source_artifacts,0.01,0.9715625,0.005287555385909853,0.009639483557708169,0.003537024606103474,0.9415,0.010618999853787385,0.0585,0.0106189998537874,0.0585,0.0106189998537874,0.009458333333333334,0.0034810997623675706,0.013479166666666667,0.0025480578259157553,0.018979166666666665,0.0044702456040170676,0.05925,0.010702311604705339,2.87875,0.5160729115154176,0.08803749999999998,0.015862740811493813,1.41875,0.5221649643551356,5.69375,1.3410736812051203,7.200537499999999,1.3855656792610203,0.0023900063708424566,0.0001213066074900025
main,sparse,source_artifacts,0.05,0.8636666666666667,0.016009294632178,0.04689689596270055,0.008053571822563969,0.724125,0.02421497742263964,0.275875,0.024214977422639634,0.275875,0.024214977422639634,0.042458333333333334,0.007125006412226518,0.067875,0.0067374260186457815,0.093875,0.012234833671560896,0.29525,0.029657030763112657,13.713750000000001,1.3073923171919863,0.4323874999999998,0.04271755270624151,6.36875,1.0687509618339779,28.1625,3.6704501014682682,34.9636375,4.175327254724599,0.002813795767724514,0.00014806601341511036
main,sparse,source_artifacts,0.1,0.7520208333333334,0.009554471221456357,0.0836808737414109,0.010860584771971467,0.526,0.020733268460438936,0.474,0.02073326846043892,0.474,0.02073326846043892,0.06879166666666667,0.009830340757837678,0.132625,0.005608284129499234,0.1791875,0.01461586284272765,0.5435,0.024620808486447307,23.962625,1.00685887103616,0.7831262499999997,0.0346425188200477,10.31875,1.474551113675652,53.75625,4.384758852818297,64.85812625,3.4151220510908584,0.0031265896279364823,0.0001940861922532595
main,sparse,source_artifacts,0.2,0.5806875,0.014796546020028008,0.14886940175952199,0.021204001801967905,0.272125,0.0213565440482352,0.727875,0.02135654404823521,0.727875,0.02135654404823521,0.10172916666666666,0.015645396044768597,0.2473125,0.008785407683078504,0.31758333333333333,0.015546572176294954,0.937125,0.04556859346662256,36.9555,1.6074746457851539,1.3066799999999998,0.06147975255060911,15.259375,2.3468094067152894,95.275,4.663971652888487,111.841055,3.9258499172120254,0.0036465102573856713,0.0002550921408699398
main,sparse,source_artifacts,0.4,0.3297291666666667,0.01171377940393179,0.23046408257022566,0.017459059325377117,0.046,0.009780485403948113,0.954,0.009780485403948127,0.954,0.009780485403948127,0.09885416666666667,0.009226157631924723,0.48008333333333336,0.013520209045409726,0.5714166666666667,0.015352462324174735,1.41425,0.03708187952994948,41.60025,1.4565658738062086,1.8302524999999965,0.0493620938495378,14.828125,1.3839236447887084,171.425,4.60573869725242,188.08337749999998,3.843572643044729,0.0037207748973742127,0.00021035464134961466
main,sparse,timestamps,0.0,1.0,0.0,0.0,0.0,1.0,0.0,0.0,0.0,0.0,0.0,0.0,0.0,0.0,0.0,0.0,0.0,0.0,0.0,0.0,0.0,0.0,0.0,0.0,0.0,0.0,0.0,0.0,0.0,0.0021871501579880715,9.595030327051288e-05
main,sparse,timestamps,0.01,1.0,0.0,0.0,0.0,1.0,0.0,0.0,0.0,0.0,0.0,0.0,0.0,0.0,0.0,0.0,0.0,0.0,0.0,0.0,0.0,0.0,0.0,0.0,0.0,0.0,0.0,0.0,0.0,0.0022278353571891785,9.167696708240005e-05
main,sparse,timestamps,0.05,1.0,0.0,0.0,0.0,1.0,0.0,0.0,0.0,0.0,0.0,0.0,0.0,0.0,0.0,0.0,0.0,0.0,0.0,0.0,0.0,0.0,0.0,0.0,0.0,0.0,0.0,0.0,0.0,0.0022777582285925745,0.00011411059859964022
main,sparse,timestamps,0.1,1.0,0.0,0.0,0.0,1.0,0.0,0.0,0.0,0.0,0.0,0.0,0.0,0.0,0.0,0.0,0.0,0.0,0.0,0.0,0.0,0.0,0.0,0.0,0.0,0.0,0.0,0.0,0.0,0.0023593603633344173,0.0002924880420658657
main,sparse,timestamps,0.2,1.0,0.0,0.0,0.0,1.0,0.0,0.0,0.0,0.0,0.0,0.0,0.0,0.0,0.0,0.0,0.0,0.0,0.0,0.0,0.0,0.0,0.0,0.0,0.0,0.0,0.0,0.0,0.0,0.0023809104925021527,0.0003035720006065094
main,sparse,timestamps,0.4,1.0,0.0,0.0,0.0,1.0,0.0,0.0,0.0,0.0,0.0,0.0,0.0,0.0,0.0,0.0,0.0,0.0,0.0,0.0,0.0,0.0,0.0,0.0,0.0,0.0,0.0,0.0,0.0,0.0022296146722510456,0.00010169464582473678
noredund,dense,correlation_ids,0.0,1.0,0.0,0.0,0.0,1.0,0.0,0.0,0.0,0.0,0.0,0.0,0.0,0.0,0.0,0.0,0.0,0.0,0.0,0.0,0.0,0.0,0.0,0.0,0.0,0.0,0.0,0.0,0.0,0.007016716664656997,0.0002963768259251623
noredund,dense,correlation_ids,0.01,0.9711319444444444,0.004672136127527963,0.0,0.0,0.9617083333333333,0.005808059282719051,0.0,0.0,0.03829166666666667,0.005808059282719051,0.0,0.0,0.006479166666666667,0.001000806813901882,0.028868055555555557,0.0046721361275279686,0.04045833333333333,0.0060726293716461995,6.06875,0.9108944057469299,0.10114583333333334,0.015181573429115497,0.0,0.0,8.660416666666666,1.4016408382583907,8.7615625,1.4159775599214217,0.008393710386008025,0.0005040068496653103
noredund,dense,correlation_ids,0.05,0.864,0.008490668730469842,0.0,0.0,0.820375,0.010186402328479904,0.0,0.0,0.179625,0.010186402328479907,0.0,0.0,0.03233333333333333,0.002010470480498648,0.136,0.008490668730469839,0.20320833333333332,0.011420571748574034,30.48125,1.7130857622861058,0.5080208333333334,0.02855142937143509,0.0,0.0,40.8,2.5472006191409515,41.30802083333333,2.573152714418927,0.013684050017036497,0.002355660718955061
noredund,dense,correlation_ids,0.1,0.7405972222222222,0.0091448326713721,0.0,0.0,0.6631666666666667,0.011120025663649965,0.0,0.0,0.3368333333333333,0.01112002566364997,0.0,0.0,0.06488888888888888,0.002213341171690482,0.25940277777777776,0.00914483267137209,0.406125,0.015781945695684054,60.91875,2.367291854352608,1.0153125,0.039454864239210144,0.0,0.0,77.82083333333334,2.7434498014116273,78.83614583333333,2.7766591632439783,0.020981691754423083,0.004818341219923572
noredund,dense,correlation_ids,0.2,0.5447708333333333,0.013679954420253783,0.0,0.0,0.430125,0.01438372161050196,0.0,0.0,0.569875,0.014383721610501941,0.0,0.0,0.12750694444444444,0.0035195531399232105,0.4552291666666667,0.01367995442025378,0.7993333333333333,0.025829230008016447,119.9,3.8743845012024676,1.9983333333333333,0.06457307502004113,0.0,0.0,136.56875,4.103986326076135,138.56708333333333,4.158900910092805,0.029101887647993863,0.0007152500165083143
noredund,dense,correlation_ids,0.4,0.28276388888888887,0.010175113529962615,0.0,0.0,0.15258333333333332,0.012151276014144763,0.0,0.0,0.8474166666666667,0.012151276014144752,0.0,0.0,0.2561736111111111,0.004892956466769868,0.7172361111111111,0.010175113529962622,1.6011666666666666,0.027578171722497383,240.175,4.136725758374611,4.002916666666667,0.06894542930624345,0.0,0.0,215.17083333333335,3.0525340589887873,219.17374999999998,3.107740965849424,0.051382281351834536,0.0019857751862824716
window24,dense,correlation_ids,0.0,1.0,0.0,0.0,0.0,1.0,0.0,0.0,0.0,0.0,0.0,0.0,0.0,0.0,0.0,0.0,0.0,0.0,0.0,0.0,0.0,0.0,0.0,0.0,0.0,0.0,0.0,0.0,0.0,0.0070983146782964465,0.00032244122708431427
window24,dense,correlation_ids,0.01,0.9956388888888889,0.001370047641256041,0.0,0.0,0.991375,0.0027208717858167846,0.0,0.0,0.008625,0.0027208717858167816,0.0,0.0,0.0014375,0.0004534786309694636,0.004361111111111112,0.001370047641256041,0.010666666666666666,0.0033179469449984523,1.6,0.49769204174976783,0.026666666666666665,0.00829486736249613,0.0,0.0,1.3083333333333333,0.41101429237681225,1.335,0.4184515498374973,0.00753358737565577,0.0008079999270299504
window24,dense,correlation_ids,0.05,0.9739513888888889,0.0026156933011620333,0.00014263842008556225,0.00029268828390180353,0.9501666666666667,0.004593091685136506,0.0,0.0,0.049833333333333334,0.004593091685136513,0.0001388888888888889,0.0002849939866903206,0.008375,0.0007740879476824569,0.025909722222222223,0.0025789495439979683,0.061625,0.005369906127006831,9.24375,0.8054859190510245,0.1540625,0.013424765317517073,0.020833333333333336,0.04274909800354809,7.772916666666666,0.7736848631993903,7.9478125,0.7885080904344328,0.009455300029367208,0.001389695132303649
window24,dense,correlation_ids,0.1,0.94,0.003989152363873332,0.000908149736072112,0.0007467943617726899,0.8916666666666666,0.0067158275127706035,0.0,0.0,0.10833333333333334,0.0067158275127706,0.0008541666666666667,0.0007013906982780206,0.01873611111111111,0.0011101055391232865,0.059145833333333335,0.0038630288371459495,0.13866666666666666,0.008067696034076003,20.8,1.2101544051114,0.3466666666666667,0.020169240085189995,0.12812500000000002,0.10520860474170307,17.74375,1.1589086511437845,18.218541666666667,1.1906218390696486,0.011728922976180911,0.0013638661167595157
window24,dense,correlation_ids,0.2,0.8484027777777777,0.009570187610657577,0.0031962864161090114,0.0020027739648972717,0.7461666666666666,0.015423836644690747,0.0,0.0,0.25383333333333336,0.015423836644690752,0.0027222222222222222,0.0017143519472647144,0.04684722222222222,0.002853891418978487,0.148875,0.009610986461010971,0.34341666666666665,0.017741442216737197,51.5125,2.661216332510578,0.8585416666666666,0.044353605541842964,0.4083333333333333,0.25715279208970715,44.6625,2.8832959383032915,45.929375,2.899613988916839,0.01652048344258219,0.0006119046012506038
window24,dense,correlation_ids,0.4,0.6083680555555555,0.014947375946200821,0.012116434845423862,0.004847151130406221,0.423375,0.015722081447099807,0.0,0.0,0.5766249999999999,0.0157220814470998,0.007430555555555556,0.0028837603487786192,0.13249305555555554,0.004156291908288034,0.3842013888888889,0.01340667837068611,0.96625,0.027696005369913766,144.9375,4.154400805487065,2.415625,0.06924001342478449,1.1145833333333333,0.4325640523167929,115.26041666666667,4.022003511205833,118.790625,4.292993083006963,0.03317935212980956,0.0009684190480652291
