profile,p,lambda,pi,cls,effort,error,abstention,ed,rank
dense,0.4,0.0,0.0,intent_links,1.0027083333333333,0.0,0.0,1.0027083333333333,5
dense,0.4,0.0,0.0,approval_links,1.0027083333333333,0.0,0.0,1.0027083333333333,5
dense,0.4,0.0,0.0,correlation_ids,2.4303125,0.0,0.0,2.4303125,3
dense,0.4,0.0,0.0,source_artifacts,3.960467499999999,0.0,0.0,3.960467499999999,1
dense,0.4,0.0,0.0,timestamps,0.0,0.0,0.0,0.0,6
dense,0.4,0.0,0.0,ids_plus_timestamps,1.7018541666666667,0.0,0.0,1.7018541666666667,4
dense,0.4,0.0,0.0,combined,3.2523470833333343,0.0,0.0,3.2523470833333343,2
dense,0.4,10.0,0.0,intent_links,1.0027083333333333,0.0,0.0,1.0027083333333333,5
dense,0.4,10.0,0.0,approval_links,1.0027083333333333,0.0,0.0,1.0027083333333333,5
dense,0.4,10.0,0.0,correlation_ids,2.4303125,0.0,0.0,2.4303125,4
dense,0.4,10.0,0.0,source_artifacts,3.960467499999999,7.6658333333333335,0.0,11.626300833333332,1
dense,0.4,10.0,0.0,timestamps,0.0,0.0,0.0,0.0,6
dense,0.4,10.0,0.0,ids_plus_timestamps,1.7018541666666667,1.6133333333333333,0.0,3.3151875,3
dense,0.4,10.0,0.0,combined,3.2523470833333343,4.6691666666666665,0.0,7.921513750000001,2
dense,0.4,25.0,0.0,intent_links,1.0027083333333333,0.0,0.0,1.0027083333333333,5
dense,0.4,25.0,0.0,approval_links,1.0027083333333333,0.0,0.0,1.0027083333333333,5
dense,0.4,25.0,0.0,correlation_ids,2.4303125,0.0,0.0,2.4303125,4
dense,0.4,25.0,0.0,source_artifacts,3.960467499999999,19.164583333333336,0.0,23.125050833333336,1
dense,0.4,25.0,0.0,timestamps,0.0,0.0,0.0,0.0,6
dense,0.4,25.0,0.0,ids_plus_timestamps,1.7018541666666667,4.033333333333333,0.0,5.7351875,3
dense,0.4,25.0,0.0,combined,3.2523470833333343,11.672916666666666,0.0,14.92526375,2
dense,0.4,50.0,0.0,intent_links,1.0027083333333333,0.0,0.0,1.0027083333333333,5
dense,0.4,50.0,0.0,approval_links,1.0027083333333333,0.0,0.0,1.0027083333333333,5
dense,0.4,50.0,0.0,correlation_ids,2.4303125,0.0,0.0,2.4303125,4
dense,0.4,50.0,0.0,source_artifacts,3.960467499999999,38.32916666666667,0.0,42.28963416666667,1
dense,0.4,50.0,0.0,timestamps,0.0,0.0,0.0,0.0,6
dense,0.4,50.0,0.0,ids_plus_timestamps,1.7018541666666667,8.066666666666666,0.0,9.768520833333334,3
dense,0.4,50.0,0.0,combined,3.2523470833333343,23.34583333333333,0.0,26.598180416666665,2
dense,0.4,100.0,0.0,intent_links,1.0027083333333333,0.0,0.0,1.0027083333333333,5
dense,0.4,100.0,0.0,approval_links,1.0027083333333333,0.0,0.0,1.0027083333333333,5
dense,0.4,100.0,0.0,correlation_ids,2.4303125,0.0,0.0,2.4303125,4
dense,0.4,100.0,0.0,source_artifacts,3.960467499999999,76.65833333333335,0.0,80.61880083333334,1
dense,0.4,100.0,0.0,timestamps,0.0,0.0,0.0,0.0,6
dense,0.4,100.0,0.0,ids_plus_timestamps,1.7018541666666667,16.133333333333333,0.0,17.8351875,3
dense,0.4,100.0,0.0,combined,3.2523470833333343,46.69166666666666,0.0,49.944013749999996,2
dense,0.4,0.0,10.0,intent_links,1.0027083333333333,0.0,1.6812500000000004,2.683958333333334,6
dense,0.4,0.0,10.0,approval_links,1.0027083333333333,0.0,3.855833333333333,4.8585416666666665,5
dense,0.4,0.0,10.0,correlation_ids,2.4303125,0.0,26.746249999999996,29.176562499999996,3
dense,0.4,0.0,10.0,source_artifacts,3.960467499999999,0.0,34.70041666666666,38.66088416666666,2
dense,0.4,0.0,10.0,timestamps,0.0,0.0,0.0,0.0,7
dense,0.4,0.0,10.0,ids_plus_timestamps,1.7018541666666667,0.0,25.284166666666668,26.986020833333335,4
dense,0.4,0.0,10.0,combined,3.2523470833333343,0.0,43.01875000000001,46.271097083333345,1
dense,0.4,10.0,10.0,intent_links,1.0027083333333333,0.0,1.6812500000000004,2.683958333333334,6
dense,0.4,10.0,10.0,approval_links,1.0027083333333333,0.0,3.855833333333333,4.8585416666666665,5
dense,0.4,10.0,10.0,correlation_ids,2.4303125,0.0,26.746249999999996,29.176562499999996,3
dense,0.4,10.0,10.0,source_artifacts,3.960467499999999,7.6658333333333335,34.70041666666666,46.326717499999994,2
dense,0.4,10.0,10.0,timestamps,0.0,0.0,0.0,0.0,7
dense,0.4,10.0,10.0,ids_plus_timestamps,1.7018541666666667,1.6133333333333333,25.284166666666668,28.599354166666668,4
dense,0.4,10.0,10.0,combined,3.2523470833333343,4.6691666666666665,43.01875000000001,50.940263750000014,1
dense,0.4,25.0,10.0,intent_links,1.0027083333333333,0.0,1.6812500000000004,2.683958333333334,6
dense,0.4,25.0,10.0,approval_links,1.0027083333333333,0.0,3.855833333333333,4.8585416666666665,5
dense,0.4,25.0,10.0,correlation_ids,2.4303125,0.0,26.746249999999996,29.176562499999996,4
dense,0.4,25.0,10.0,source_artifacts,3.960467499999999,19.164583333333336,34.70041666666666,57.8254675,2
dense,0.4,25.0,10.0,timestamps,0.0,0.0,0.0,0.0,7
dense,0.4,25.0,10.0,ids_plus_timestamps,1.7018541666666667,4.033333333333333,25.284166666666668,31.019354166666666,3
dense,0.4,25.0,10.0,combined,3.2523470833333343,11.672916666666666,43.01875000000001,57.94401375000001,1
dense,0.4,50.0,10.0,intent_links,1.0027083333333333,0.0,1.6812500000000004,2.683958333333334,6
dense,0.4,50.0,10.0,approval_links,1.0027083333333333,0.0,3.855833333333333,4.8585416666666665,5
dense,0.4,50.0,10.0,correlation_ids,2.4303125,0.0,26.746249999999996,29.176562499999996,4
dense,0.4,50.0,10.0,source_artifacts,3.960467499999999,38.32916666666667,34.70041666666666,76.99005083333333,1
dense,0.4,50.0,10.0,timestamps,0.0,0.0,0.0,0.0,7
dense,0.4,50.0,10.0,ids_plus_timestamps,1.7018541666666667,8.066666666666666,25.284166666666668,35.052687500000005,3
dense,0.4,50.0,10.0,combined,3.2523470833333343,23.34583333333333,43.01875000000001,69.61693041666668,2
dense,0.4,100.0,10.0,intent_links,1.0027083333333333,0.0,1.6812500000000004,2.683958333333334,6
dense,0.4,100.0,10.0,approval_links,1.0027083333333333,0.0,3.855833333333333,4.8585416666666665,5
dense,0.4,100.0,10.0,correlation_ids,2.4303125,0.0,26.746249999999996,29.176562499999996,4
dense,0.4,100.0,10.0,source_artifacts,3.960467499999999,76.65833333333335,34.70041666666666,115.31921750000001,1
dense,0.4,100.0,10.0,timestamps,0.0,0.0,0.0,0.0,7
dense,0.4,100.0,10.0,ids_plus_timestamps,1.7018541666666667,16.133333333333333,25.284166666666668,43.11935416666667,3
dense,0.4,100.0,10.0,combined,3.2523470833333343,46.69166666666666,43.01875000000001,92.96276375000001,2
dense,0.4,0.0,25.0,intent_links,1.0027083333333333,0.0,4.203125000000001,5.205833333333334,6
dense,0.4,0.0,25.0,approval_links,1.0027083333333333,0.0,9.639583333333333,10.642291666666665,5
dense,0.4,0.0,25.0,correlation_ids,2.4303125,0.0,66.865625,69.2959375,3
dense,0.4,0.0,25.0,source_artifacts,3.960467499999999,0.0,86.75104166666667,90.71150916666666,2
dense,0.4,0.0,25.0,timestamps,0.0,0.0,0.0,0.0,7
dense,0.4,0.0,25.0,ids_plus_timestamps,1.7018541666666667,0.0,63.21041666666667,64.91227083333334,4
dense,0.4,0.0,25.0,combined,3.2523470833333343,0.0,107.54687500000001,110.79922208333335,1
dense,0.4,10.0,25.0,intent_links,1.0027083333333333,0.0,4.203125000000001,5.205833333333334,6
dense,0.4,10.0,25.0,approval_links,1.0027083333333333,0.0,9.639583333333333,10.642291666666665,5
dense,0.4,10.0,25.0,correlation_ids,2.4303125,0.0,66.865625,69.2959375,3
dense,0.4,10.0,25.0,source_artifacts,3.960467499999999,7.6658333333333335,86.75104166666667,98.3773425,2
dense,0.4,10.0,25.0,timestamps,0.0,0.0,0.0,0.0,7
dense,0.4,10.0,25.0,ids_plus_timestamps,1.7018541666666667,1.6133333333333333,63.21041666666667,66.52560416666667,4
dense,0.4,10.0,25.0,combined,3.2523470833333343,4.6691666666666665,107.54687500000001,115.46838875000002,1
dense,0.4,25.0,25.0,intent_links,1.0027083333333333,0.0,4.203125000000001,5.205833333333334,6
dense,0.4,25.0,25.0,approval_links,1.0027083333333333,0.0,9.639583333333333,10.642291666666665,5
dense,0.4,25.0,25.0,correlation_ids,2.4303125,0.0,66.865625,69.2959375,3
dense,0.4,25.0,25.0,source_artifacts,3.960467499999999,19.164583333333336,86.75104166666667,109.8760925,2
dense,0.4,25.0,25.0,timestamps,0.0,0.0,0.0,0.0,7
dense,0.4,25.0,25.0,ids_plus_timestamps,1.7018541666666667,4.033333333333333,63.21041666666667,68.94560416666667,4
dense,0.4,25.0,25.0,combined,3.2523470833333343,11.672916666666666,107.54687500000001,122.47213875000001,1
dense,0.4,50.0,25.0,intent_links,1.0027083333333333,0.0,4.203125000000001,5.205833333333334,6
dense,0.4,50.0,25.0,approval_links,1.0027083333333333,0.0,9.639583333333333,10.642291666666665,5
dense,0.4,50.0,25.0,correlation_ids,2.4303125,0.0,66.865625,69.2959375,4
dense,0.4,50.0,25.0,source_artifacts,3.960467499999999,38.32916666666667,86.75104166666667,129.04067583333335,2
dense,0.4,50.0,25.0,timestamps,0.0,0.0,0.0,0.0,7
dense,0.4,50.0,25.0,ids_plus_timestamps,1.7018541666666667,8.066666666666666,63.21041666666667,72.9789375,3
dense,0.4,50.0,25.0,combined,3.2523470833333343,23.34583333333333,107.54687500000001,134.14505541666668,1
dense,0.4,100.0,25.0,intent_links,1.0027083333333333,0.0,4.203125000000001,5.205833333333334,6
dense,0.4,100.0,25.0,approval_links,1.0027083333333333,0.0,9.639583333333333,10.642291666666665,5
dense,0.4,100.0,25.0,correlation_ids,2.4303125,0.0,66.865625,69.2959375,4
dense,0.4,100.0,25.0,source_artifacts,3.960467499999999,76.65833333333335,86.75104166666667,167.3698425,1
dense,0.4,100.0,25.0,timestamps,0.0,0.0,0.0,0.0,7
dense,0.4,100.0,25.0,ids_plus_timestamps,1.7018541666666667,16.133333333333333,63.21041666666667,81.04560416666666,3
dense,0.4,100.0,25.0,combined,3.2523470833333343,46.69166666666666,107.54687500000001,157.49088875,2
dense,0.4,0.0,50.0,intent_links,1.0027083333333333,0.0,8.406250000000002,9.408958333333334,6
dense,0.4,0.0,50.0,approval_links,1.0027083333333333,0.0,19.279166666666665,20.281875,5
dense,0.4,0.0,50.0,correlation_ids,2.4303125,0.0,133.73125,136.1615625,3
dense,0.4,0.0,50.0,source_artifacts,3.960467499999999,0.0,173.50208333333333,177.46255083333332,2
dense,0.4,0.0,50.0,timestamps,0.0,0.0,0.0,0.0,7
dense,0.4,0.0,50.0,ids_plus_timestamps,1.7018541666666667,0.0,126.42083333333333,128.1226875,4
dense,0.4,0.0,50.0,combined,3.2523470833333343,0.0,215.09375000000003,218.34609708333338,1
dense,0.4,10.0,50.0,intent_links,1.0027083333333333,0.0,8.406250000000002,9.408958333333334,6
dense,0.4,10.0,50.0,approval_links,1.0027083333333333,0.0,19.279166666666665,20.281875,5
dense,0.4,10.0,50.0,correlation_ids,2.4303125,0.0,133.73125,136.1615625,3
dense,0.4,10.0,50.0,source_artifacts,3.960467499999999,7.6658333333333335,173.50208333333333,185.12838416666665,2
dense,0.4,10.0,50.0,timestamps,0.0,0.0,0.0,0.0,7
dense,0.4,10.0,50.0,ids_plus_timestamps,1.7018541666666667,1.6133333333333333,126.42083333333333,129.73602083333333,4
dense,0.4,10.0,50.0,combined,3.2523470833333343,4.6691666666666665,215.09375000000003,223.01526375000003,1
dense,0.4,25.0,50.0,intent_links,1.0027083333333333,0.0,8.406250000000002,9.408958333333334,6
dense,0.4,25.0,50.0,approval_links,1.0027083333333333,0.0,19.279166666666665,20.281875,5
dense,0.4,25.0,50.0,correlation_ids,2.4303125,0.0,133.73125,136.1615625,3
dense,0.4,25.0,50.0,source_artifacts,3.960467499999999,19.164583333333336,173.50208333333333,196.62713416666668,2
dense,0.4,25.0,50.0,timestamps,0.0,0.0,0.0,0.0,7
dense,0.4,25.0,50.0,ids_plus_timestamps,1.7018541666666667,4.033333333333333,126.42083333333333,132.15602083333334,4
dense,0.4,25.0,50.0,combined,3.2523470833333343,11.672916666666666,215.09375000000003,230.01901375000003,1
dense,0.4,50.0,50.0,intent_links,1.0027083333333333,0.0,8.406250000000002,9.408958333333334,6
dense,0.4,50.0,50.0,approval_links,1.0027083333333333,0.0,19.279166666666665,20.281875,5
dense,0.4,50.0,50.0,correlation_ids,2.4303125,0.0,133.73125,136.1615625,4
dense,0.4,50.0,50.0,source_artifacts,3.960467499999999,38.32916666666667,173.50208333333333,215.7917175,2
dense,0.4,50.0,50.0,timestamps,0.0,0.0,0.0,0.0,7
dense,0.4,50.0,50.0,ids_plus_timestamps,1.7018541666666667,8.066666666666666,126.42083333333333,136.18935416666667,3
dense,0.4,50.0,50.0,combined,3.2523470833333343,23.34583333333333,215.09375000000003,241.6919304166667,1
dense,0.4,100.0,50.0,intent_links,1.0027083333333333,0.0,8.406250000000002,9.408958333333334,6
dense,0.4,100.0,50.0,approval_links,1.0027083333333333,0.0,19.279166666666665,20.281875,5
dense,0.4,100.0,50.0,correlation_ids,2.4303125,0.0,133.73125,136.1615625,4
dense,0.4,100.0,50.0,source_artifacts,3.960467499999999,76.65833333333335,173.50208333333333,254.12088416666666,2
dense,0.4,100.0,50.0,timestamps,0.0,0.0,0.0,0.0,7
dense,0.4,100.0,50.0,ids_plus_timestamps,1.7018541666666667,16.133333333333333,126.42083333333333,144.25602083333334,3
dense,0.4,100.0,50.0,combined,3.2523470833333343,46.69166666666666,215.09375000000003,265.03776375,1
dense,0.4,0.0,100.0,intent_links,1.0027083333333333,0.0,16.812500000000004,17.815208333333338,6
dense,0.4,0.0,100.0,approval_links,1.0027083333333333,0.0,38.55833333333333,39.56104166666666,5
dense,0.4,0.0,100.0,correlation_ids,2.4303125,0.0,267.4625,269.8928125,3
dense,0.4,0.0,100.0,source_artifacts,3.960467499999999,0.0,347.00416666666666,350.96463416666666,2
dense,0.4,0.0,100.0,timestamps,0.0,0.0,0.0,0.0,7
dense,0.4,0.0,100.0,ids_plus_timestamps,1.7018541666666667,0.0,252.84166666666667,254.54352083333333,4
dense,0.4,0.0,100.0,combined,3.2523470833333343,0.0,430.18750000000006,433.4398470833334,1
dense,0.4,10.0,100.0,intent_links,1.0027083333333333,0.0,16.812500000000004,17.815208333333338,6
dense,0.4,10.0,100.0,approval_links,1.0027083333333333,0.0,38.55833333333333,39.56104166666666,5
dense,0.4,10.0,100.0,correlation_ids,2.4303125,0.0,267.4625,269.8928125,3
dense,0.4,10.0,100.0,source_artifacts,3.960467499999999,7.6658333333333335,347.00416666666666,358.6304675,2
dense,0.4,10.0,100.0,timestamps,0.0,0.0,0.0,0.0,7
dense,0.4,10.0,100.0,ids_plus_timestamps,1.7018541666666667,1.6133333333333333,252.84166666666667,256.1568541666667,4
dense,0.4,10.0,100.0,combined,3.2523470833333343,4.6691666666666665,430.18750000000006,438.10901375000003,1
dense,0.4,25.0,100.0,intent_links,1.0027083333333333,0.0,16.812500000000004,17.815208333333338,6
dense,0.4,25.0,100.0,approval_links,1.0027083333333333,0.0,38.55833333333333,39.56104166666666,5
dense,0.4,25.0,100.0,correlation_ids,2.4303125,0.0,267.4625,269.8928125,3
dense,0.4,25.0,100.0,source_artifacts,3.960467499999999,19.164583333333336,347.00416666666666,370.1292175,2
dense,0.4,25.0,100.0,timestamps,0.0,0.0,0.0,0.0,7
dense,0.4,25.0,100.0,ids_plus_timestamps,1.7018541666666667,4.033333333333333,252.84166666666667,258.5768541666667,4
dense,0.4,25.0,100.0,combined,3.2523470833333343,11.672916666666666,430.18750000000006,445.11276375000006,1
dense,0.4,50.0,100.0,intent_links,1.0027083333333333,0.0,16.812500000000004,17.815208333333338,6
dense,0.4,50.0,100.0,approval_links,1.0027083333333333,0.0,38.55833333333333,39.56104166666666,5
dense,0.4,50.0,100.0,correlation_ids,2.4303125,0.0,267.4625,269.8928125,3
dense,0.4,50.0,100.0,source_artifacts,3.960467499999999,38.32916666666667,347.00416666666666,389.2938008333333,2
dense,0.4,50.0,100.0,timestamps,0.0,0.0,0.0,0.0,7
dense,0.4,50.0,100.0,ids_plus_timestamps,1.7018541666666667,8.066666666666666,252.84166666666667,262.6101875,4
dense,0.4,50.0,100.0,combined,3.2523470833333343,23.34583333333333,430.18750000000006,456.7856804166667,1
dense,0.4,100.0,100.0,intent_links,1.0027083333333333,0.0,16.812500000000004,17.815208333333338,6
dense,0.4,100.0,100.0,approval_links,1.0027083333333333,0.0,38.55833333333333,39.56104166666666,5
dense,0.4,100.0,100.0,correlation_ids,2.4303125,0.0,267.4625,269.8928125,4
dense,0.4,100.0,100.0,source_artifacts,3.960467499999999,76.65833333333335,347.00416666666666,427.6229675,2
dense,0.4,100.0,100.0,timestamps,0.0,0.0,0.0,0.0,7
dense,0.4,100.0,100.0,ids_plus_timestamps,1.7018541666666667,16.133333333333333,252.84166666666667,270.67685416666666,3
dense,0.4,100.0,100.0,combined,3.2523470833333343,46.69166666666666,430.18750000000006,480.13151375000007,1
